,State Abbr.,Year,Population,Male Officer Count,Male Civilian Count,Male Total Count,Female Officer Count,Female Civilian Count,Female Total Count,Officer Count,Civilian Count,Total Police Employee Count,Police Employee Count/1000
0,AK,2000,631027,1066.0,208.0,1274.0,103.0,481.0,584.0,1169.0,689.0,1858.0,2.94
1,AL,2000,4488050,9529.0,1847.0,11376.0,769.0,3176.0,3945.0,10298.0,5023.0,15321.0,3.41
2,AR,2000,2934348,5315.0,1130.0,6445.0,541.0,1814.0,2355.0,5856.0,2944.0,8800.0,3.0
3,AS,2000,0,,,,,,,,,,
4,AZ,2000,5248863,9461.0,3364.0,12825.0,1117.0,4319.0,5436.0,10578.0,7683.0,18261.0,3.48
5,CA,2000,34063830,64639.0,12616.0,77255.0,8764.0,23643.0,32407.0,73403.0,36259.0,109662.0,3.22
6,CO,2000,5445709,11073.0,1817.0,12890.0,1552.0,3880.0,5432.0,12625.0,5697.0,18322.0,3.36
7,CT,2000,4283356,8707.0,1074.0,9781.0,729.0,1644.0,2373.0,9436.0,2718.0,12154.0,2.84
8,CZ,2000,0,,,,,,,,,,
9,DC,2000,572059,3332.0,329.0,3661.0,934.0,717.0,1651.0,4266.0,1046.0,5312.0,9.29
10,DE,2000,806621,2371.0,382.0,2753.0,278.0,631.0,909.0,2649.0,1013.0,3662.0,4.54
11,FL,2000,16049613,36004.0,10016.0,46020.0,5279.0,16340.0,21619.0,41283.0,26356.0,67639.0,4.21
12,FS,2000,0,,,,,,,,,,
13,GA,2000,9339048,24666.0,4579.0,29245.0,3449.0,7786.0,11235.0,28115.0,12365.0,40480.0,4.33
14,GM,2000,0,253.0,23.0,276.0,13.0,42.0,55.0,266.0,65.0,331.0,
15,HI,2000,1314665,3031.0,246.0,2989.0,254.0,612.0,866.0,3285.0,858.0,3855.0,2.93
16,IA,2000,3565389,5335.0,966.0,6301.0,358.0,1874.0,2232.0,5693.0,2840.0,8533.0,2.39
17,ID,2000,1345069,2450.0,195.0,2645.0,151.0,850.0,1001.0,2601.0,1045.0,3646.0,2.71
18,IL,2000,12649892,31965.0,5742.0,37707.0,5136.0,7661.0,12797.0,37101.0,13403.0,50504.0,3.99
19,IN,2000,6316200,10608.0,2765.0,13373.0,924.0,3684.0,4608.0,11532.0,6449.0,17981.0,2.85
20,KS,2000,4149346,9457.0,1695.0,11152.0,765.0,2715.0,3480.0,10222.0,4410.0,14632.0,3.53
21,KY,2000,4524298,7897.0,958.0,8855.0,739.0,1649.0,2388.0,8636.0,2607.0,11243.0,2.49
22,LA,2000,4672187,14502.0,1224.0,15726.0,3309.0,2778.0,6087.0,17811.0,4002.0,21813.0,4.67
23,MA,2000,7207900,17145.0,1508.0,18653.0,1410.0,1982.0,3392.0,18555.0,3490.0,22045.0,3.06
24,MD,2000,5449611,12915.0,1767.0,14682.0,1991.0,2785.0,4776.0,14906.0,4552.0,19458.0,3.57
25,ME,2000,1314095,2094.0,322.0,2416.0,127.0,398.0,525.0,2221.0,720.0,2941.0,2.24
26,MI,2000,11021292,20362.0,3290.0,23652.0,3044.0,5097.0,8141.0,23406.0,8387.0,31793.0,2.88
27,MN,2000,5326315,7997.0,1747.0,9744.0,883.0,2617.0,3500.0,8880.0,4364.0,13244.0,2.49
28,MO,2000,6013481,11578.0,2093.0,13671.0,1192.0,3309.0,4501.0,12770.0,5402.0,18172.0,3.02
29,MP,2000,0,,,,,,,,,,
30,MS,2000,3079190,5755.0,1160.0,6915.0,507.0,1891.0,2398.0,6262.0,3051.0,9313.0,3.02
31,MT,2000,1006390,1513.0,485.0,1998.0,81.0,642.0,723.0,1594.0,1127.0,2721.0,2.7
32,NB,2000,1971994,3275.0,361.0,3636.0,343.0,1060.0,1403.0,3618.0,1421.0,5039.0,2.56
33,NC,2000,8921838,20303.0,3520.0,23823.0,2253.0,4930.0,7183.0,22556.0,8450.0,31006.0,3.48
34,ND,2000,738772,1158.0,154.0,1312.0,89.0,269.0,358.0,1247.0,423.0,1670.0,2.26
35,NH,2000,1441689,2488.0,260.0,2748.0,146.0,615.0,761.0,2634.0,875.0,3509.0,2.43
36,NJ,2000,8461319,28639.0,2877.0,31516.0,2079.0,5274.0,7353.0,30718.0,8151.0,38869.0,4.59
37,NM,2000,2025648,4189.0,472.0,4661.0,344.0,1334.0,1678.0,4533.0,1806.0,6339.0,3.13
38,NV,2000,2003421,4316.0,591.0,4907.0,512.0,1734.0,2246.0,4828.0,2325.0,7153.0,3.57
39,NY,2000,21951890,61415.0,7407.0,68821.0,8501.0,14372.0,22873.0,69916.0,21779.0,91694.0,4.18
40,OH,2000,13316301,23525.0,4672.0,28195.0,2677.0,6809.0,9486.0,26202.0,11481.0,37681.0,2.83
41,OK,2000,3498712,6539.0,1434.0,7973.0,530.0,1998.0,2528.0,7069.0,3432.0,10501.0,3.0
42,OR,2000,3707332,5465.0,519.0,5984.0,562.0,1721.0,2283.0,6027.0,2240.0,8267.0,2.23
43,OT,2000,0,,,,,,,,,,
44,PA,2000,14316569,25281.0,1785.0,27066.0,2939.0,3235.0,6174.0,28220.0,5020.0,33240.0,2.32
45,PR,2000,0,0.0,0.0,,,,,,,,
46,RI,2000,1054364,2311.0,309.0,2620.0,148.0,360.0,508.0,2459.0,669.0,3128.0,2.97
47,SC,2000,4157030,11058.0,1094.0,12152.0,1180.0,2411.0,3591.0,12238.0,3505.0,15743.0,3.79
48,SD,2000,903042,1340.0,297.0,1635.0,71.0,384.0,455.0,1411.0,681.0,2090.0,2.31
49,TN,2000,7116382,18280.0,5798.0,24078.0,1978.0,8140.0,10118.0,20258.0,13938.0,34196.0,4.81
50,TX,2000,21539242,46196.0,13188.0,59382.0,4962.0,18969.0,23931.0,51158.0,32157.0,83313.0,3.87
51,UT,2000,3472908,5787.0,2443.0,8230.0,536.0,2423.0,2959.0,6323.0,4866.0,11189.0,3.22
52,VA,2000,8626134,17793.0,1338.0,19131.0,2136.0,3867.0,6003.0,19929.0,5205.0,25134.0,2.91
53,VI,2000,0,,,,,,,,,,
54,VT,2000,691342,1007.0,141.0,1148.0,82.0,278.0,360.0,1089.0,419.0,1508.0,2.18
55,WA,2000,6964764,9748.0,1586.0,11334.0,1056.0,2815.0,3871.0,10804.0,4401.0,15205.0,2.18
56,WI,2000,6268836,13149.0,1895.0,15038.0,2058.0,3894.0,5952.0,15207.0,5789.0,20990.0,3.35
57,WV,2000,2610193,4003.0,474.0,4477.0,121.0,606.0,727.0,4124.0,1080.0,5204.0,1.99
58,WY,2000,499238,1138.0,164.0,1302.0,81.0,461.0,542.0,1219.0,625.0,1844.0,3.69
59,AK,2001,646743,1124.0,213.0,1337.0,110.0,471.0,581.0,1234.0,684.0,1918.0,2.97
60,AL,2001,4508647,9504.0,1872.0,11376.0,755.0,3340.0,4095.0,10259.0,5212.0,15471.0,3.43
61,AR,2001,3387417,6132.0,1303.0,7435.0,630.0,2128.0,2758.0,6762.0,3431.0,10193.0,3.01
62,AS,2001,0,,,,,,,,,,
63,AZ,2001,5451960,9884.0,3366.0,13250.0,1159.0,4483.0,5642.0,11043.0,7849.0,18892.0,3.47
64,CA,2001,34608381,70902.0,14184.0,85086.0,9490.0,25234.0,34724.0,80392.0,39418.0,119810.0,3.46
65,CO,2001,5412707,11265.0,1971.0,13236.0,1635.0,4075.0,5710.0,12900.0,6046.0,18946.0,3.5
66,CT,2001,4178846,8777.0,924.0,9701.0,769.0,1544.0,2313.0,9546.0,2468.0,12014.0,2.87
67,CZ,2001,0,,,,,,,,,,
68,DC,2001,571822,3598.0,345.0,3943.0,971.0,542.0,1513.0,4569.0,887.0,5456.0,9.54
69,DE,2001,825603,2574.0,426.0,3000.0,361.0,794.0,1155.0,2935.0,1220.0,4155.0,5.03
70,FL,2001,16465493,36563.0,8705.0,45268.0,5358.0,16240.0,21598.0,41921.0,24945.0,66866.0,4.06
71,FS,2001,0,,,,,,,,,,
72,GA,2001,9426907,32426.0,6249.0,38675.0,5754.0,10461.0,16215.0,38180.0,16710.0,54890.0,5.82
73,GM,2001,0,0.0,0.0,,,,,,,,
74,HI,2001,1328623,2911.0,244.0,2867.0,268.0,632.0,900.0,3179.0,876.0,3767.0,2.84
75,IA,2001,3652073,5588.0,931.0,6519.0,365.0,1854.0,2219.0,5953.0,2785.0,8738.0,2.39
76,ID,2001,1364496,2495.0,196.0,2691.0,153.0,969.0,1122.0,2648.0,1165.0,3813.0,2.79
77,IL,2001,12709255,31822.0,6560.0,38382.0,5249.0,7443.0,12692.0,37071.0,14003.0,51074.0,4.02
78,IN,2001,6381228,10646.0,3232.0,13878.0,843.0,3980.0,4823.0,11489.0,7212.0,18701.0,2.93
79,KS,2001,3742569,9273.0,2294.0,11567.0,764.0,2940.0,3704.0,10037.0,5234.0,15271.0,4.08
80,KY,2001,4421128,7968.0,928.0,8896.0,712.0,1623.0,2335.0,8680.0,2551.0,11231.0,2.54
81,LA,2001,4969291,14824.0,1507.0,16331.0,3461.0,3315.0,6776.0,18285.0,4822.0,23107.0,4.65
82,MA,2001,6988891,16679.0,1560.0,18239.0,1411.0,2012.0,3423.0,18090.0,3572.0,21662.0,3.1
83,MD,2001,5535507,13086.0,1863.0,14949.0,2073.0,2886.0,4959.0,15159.0,4749.0,19908.0,3.6
84,ME,2001,1326146,2120.0,290.0,2394.0,127.0,395.0,522.0,2247.0,685.0,2916.0,2.2
85,MI,2001,11249449,20549.0,2901.0,23450.0,3103.0,4634.0,7737.0,23652.0,7535.0,31187.0,2.77
86,MN,2001,5597362,8320.0,1878.0,10198.0,933.0,2825.0,3758.0,9253.0,4703.0,13956.0,2.49
87,MO,2001,6575592,12546.0,2199.0,14745.0,1282.0,3718.0,5000.0,13828.0,5917.0,19745.0,3.0
88,MP,2001,0,,,,,,,,,,
89,MS,2001,3074425,5650.0,1468.0,7118.0,462.0,2150.0,2612.0,6112.0,3618.0,9730.0,3.16
90,MT,2001,986175,1586.0,502.0,2088.0,92.0,665.0,757.0,1678.0,1167.0,2845.0,2.88
91,NB,2001,2061927,3470.0,334.0,3804.0,358.0,1086.0,1444.0,3828.0,1420.0,5248.0,2.55
92,NC,2001,8688749,19711.0,3916.0,23627.0,2321.0,5291.0,7612.0,22032.0,9207.0,31239.0,3.6
93,ND,2001,693356,1117.0,143.0,1260.0,80.0,268.0,348.0,1197.0,411.0,1608.0,2.32
94,NH,2001,1510606,2635.0,282.0,2917.0,170.0,649.0,819.0,2805.0,931.0,3736.0,2.47
95,NJ,2001,8570729,30217.0,3355.0,33572.0,2343.0,5740.0,8083.0,32560.0,9095.0,41655.0,4.86
96,NM,2001,2044586,4037.0,498.0,4535.0,363.0,1224.0,1587.0,4400.0,1722.0,6122.0,2.99
97,NV,2001,2112936,4100.0,1048.0,5148.0,418.0,1967.0,2385.0,4518.0,3015.0,7533.0,3.57
98,NY,2001,22308128,61663.0,8002.0,69663.0,8647.0,16217.0,24864.0,70310.0,24219.0,94527.0,4.24
99,OH,2001,13978771,24402.0,4829.0,29229.0,2825.0,7073.0,9898.0,27227.0,11902.0,39127.0,2.8
100,OK,2001,3521241,6694.0,1489.0,8183.0,535.0,2019.0,2554.0,7229.0,3508.0,10737.0,3.05
101,OR,2001,3915270,5642.0,519.0,6161.0,580.0,1924.0,2504.0,6222.0,2443.0,8665.0,2.21
102,OT,2001,0,,,,,,,,,,
103,PA,2001,13710584,24555.0,1753.0,26308.0,2864.0,3148.0,6012.0,27419.0,4901.0,32320.0,2.36
104,PR,2001,0,0.0,0.0,,,,,,,,
105,RI,2001,1065026,2293.0,289.0,2582.0,155.0,346.0,501.0,2448.0,635.0,3083.0,2.89
106,SC,2001,4356270,11287.0,1403.0,12690.0,1273.0,2626.0,3899.0,12560.0,4029.0,16589.0,3.81
107,SD,2001,1103452,1604.0,343.0,1947.0,92.0,545.0,637.0,1696.0,888.0,2584.0,2.34
108,TN,2001,5829420,14703.0,3621.0,18324.0,1571.0,5836.0,7407.0,16274.0,9457.0,25731.0,4.41
109,TX,2001,22173878,44040.0,12487.0,56525.0,4939.0,16780.0,21719.0,48979.0,29267.0,78244.0,3.53
110,UT,2001,2862613,4914.0,1475.0,6389.0,453.0,1692.0,2145.0,5367.0,3167.0,8534.0,2.98
111,VA,2001,8070674,17622.0,1597.0,19219.0,2126.0,4004.0,6130.0,19748.0,5601.0,25349.0,3.14
112,VI,2001,0,,,,,,,,,,
113,VT,2001,637118,967.0,120.0,1087.0,73.0,244.0,317.0,1040.0,364.0,1404.0,2.2
114,WA,2001,6600501,9641.0,1453.0,11094.0,1025.0,2890.0,3915.0,10666.0,4343.0,15009.0,2.27
115,WI,2001,5629110,11718.0,1716.0,13428.0,1817.0,3303.0,5120.0,13535.0,5019.0,18548.0,3.3
116,WV,2001,2364529,4226.0,463.0,4689.0,140.0,635.0,775.0,4366.0,1098.0,5464.0,2.31
117,WY,2001,506021,1195.0,235.0,1430.0,83.0,547.0,630.0,1278.0,782.0,2060.0,4.07
118,AK,2002,678595,1140.0,242.0,1382.0,116.0,509.0,625.0,1256.0,751.0,2007.0,2.96
119,AL,2002,4516995,9523.0,1909.0,11432.0,769.0,3218.0,3987.0,10292.0,5127.0,15419.0,3.41
120,AR,2002,4150375,7234.0,1648.0,8882.0,780.0,2536.0,3316.0,8014.0,4184.0,12198.0,2.94
121,AS,2002,0,,,,,,,,,,
122,AZ,2002,5599140,10039.0,3256.0,13295.0,1202.0,4636.0,5838.0,11241.0,7892.0,19133.0,3.42
123,CA,2002,35469498,67424.0,14927.0,82351.0,9425.0,25810.0,35235.0,76849.0,40737.0,117586.0,3.32
124,CO,2002,4926932,10727.0,1658.0,12385.0,1559.0,3777.0,5336.0,12286.0,5435.0,17721.0,3.6
125,CT,2002,5233694,11079.0,1454.0,12533.0,965.0,2262.0,3227.0,12044.0,3716.0,15760.0,3.01
126,CZ,2002,0,,,,,,,,,,
127,DC,2002,570898,3633.0,348.0,3981.0,990.0,665.0,1655.0,4623.0,1013.0,5636.0,9.87
128,DE,2002,849575,3247.0,438.0,3685.0,392.0,806.0,1198.0,3639.0,1244.0,4883.0,5.75
129,FL,2002,16792071,37278.0,11099.0,48377.0,5518.0,17674.0,23192.0,42796.0,28773.0,71569.0,4.26
130,FS,2002,0,,,,,,,,,,
131,GA,2002,9138797,23089.0,3823.0,26912.0,3474.0,6742.0,10216.0,26563.0,10565.0,37128.0,4.06
132,GM,2002,0,0.0,0.0,,,,,,,,
133,HI,2002,1350867,2946.0,247.0,2905.0,274.0,611.0,885.0,3220.0,858.0,3790.0,2.81
134,IA,2002,3511372,5384.0,1000.0,6384.0,373.0,1888.0,2261.0,5757.0,2888.0,8645.0,2.46
135,ID,2002,1397903,2513.0,240.0,2753.0,159.0,983.0,1142.0,2672.0,1223.0,3895.0,2.79
136,IL,2002,12823437,31601.0,6191.0,37792.0,5333.0,7924.0,13257.0,36934.0,14115.0,51049.0,3.98
137,IN,2002,6403590,10676.0,3361.0,14037.0,872.0,4098.0,4970.0,11548.0,7459.0,19007.0,2.97
138,KS,2002,3440432,8845.0,2344.0,11189.0,725.0,2621.0,3346.0,9570.0,4965.0,14535.0,4.22
139,KY,2002,4496702,8216.0,901.0,9117.0,706.0,1676.0,2382.0,8922.0,2577.0,11499.0,2.56
140,LA,2002,4794653,14809.0,1990.0,16799.0,3782.0,3778.0,7560.0,18591.0,5768.0,24359.0,5.08
141,MA,2002,7663498,17714.0,1637.0,19351.0,1551.0,2244.0,3795.0,19265.0,3881.0,23146.0,3.02
142,MD,2002,5620542,13212.0,1986.0,15198.0,2125.0,2960.0,5085.0,15337.0,4946.0,20283.0,3.61
143,ME,2002,1329171,2114.0,338.0,2452.0,134.0,410.0,544.0,2248.0,748.0,2996.0,2.25
144,MI,2002,11730260,22231.0,3697.0,25928.0,3346.0,5180.0,8526.0,25577.0,8877.0,34454.0,2.94
145,MN,2002,5174360,7912.0,1926.0,9838.0,926.0,2791.0,3717.0,8838.0,4717.0,13555.0,2.62
146,MO,2002,5793460,12305.0,2202.0,14507.0,1260.0,3585.0,4845.0,13565.0,5787.0,19352.0,3.34
147,MP,2002,0,,,,,,,,,,
148,MS,2002,3125516,5820.0,1417.0,7237.0,506.0,2220.0,2726.0,6326.0,3637.0,9963.0,3.19
149,MT,2002,1000135,1642.0,505.0,2147.0,96.0,700.0,796.0,1738.0,1205.0,2943.0,2.94
150,NB,2002,1926750,3334.0,294.0,3628.0,361.0,1113.0,1474.0,3695.0,1407.0,5102.0,2.65
151,NC,2002,9373602,21129.0,4162.0,25291.0,2454.0,5574.0,8028.0,23583.0,9736.0,33319.0,3.55
152,ND,2002,683229,1115.0,172.0,1287.0,88.0,274.0,362.0,1203.0,446.0,1649.0,2.41
153,NH,2002,1671804,2889.0,305.0,3194.0,192.0,700.0,892.0,3081.0,1005.0,4086.0,2.44
154,NJ,2002,8639825,28997.0,3149.0,32146.0,2188.0,5503.0,7691.0,31185.0,8652.0,39837.0,4.61
155,NM,2002,1998748,3974.0,458.0,4432.0,376.0,1152.0,1528.0,4350.0,1610.0,5960.0,2.98
156,NV,2002,2180572,4415.0,1157.0,5572.0,511.0,2249.0,2760.0,4926.0,3406.0,8332.0,3.82
157,NY,2002,21365121,57774.0,7408.0,65181.0,8361.0,15262.0,23623.0,66135.0,22670.0,88804.0,4.16
158,OH,2002,13436919,24462.0,4829.0,29289.0,2807.0,6952.0,9759.0,27269.0,11781.0,39048.0,2.91
159,OK,2002,3544795,6705.0,1447.0,8152.0,526.0,2052.0,2578.0,7231.0,3499.0,10730.0,3.03
160,OR,2002,4035837,5804.0,489.0,6293.0,615.0,1831.0,2446.0,6419.0,2320.0,8739.0,2.17
161,OT,2002,0,,,,,,,,,,
162,PA,2002,13315544,24336.0,1879.0,26215.0,2850.0,3138.0,5988.0,27186.0,5017.0,32203.0,2.42
163,PR,2002,0,0.0,0.0,,,,,,,,
164,RI,2002,1075893,2331.0,286.0,2617.0,163.0,355.0,518.0,2494.0,641.0,3135.0,2.91
165,SC,2002,4206042,10693.0,1565.0,12258.0,1234.0,2596.0,3830.0,11927.0,4161.0,16088.0,3.82
166,SD,2002,981716,1425.0,390.0,1815.0,74.0,482.0,556.0,1499.0,872.0,2371.0,2.42
167,TN,2002,5908860,15321.0,3704.0,19025.0,1672.0,6533.0,8205.0,16993.0,10237.0,27230.0,4.61
168,TX,2002,22339066,43876.0,13170.0,57044.0,4990.0,17117.0,22107.0,48866.0,30287.0,79151.0,3.54
169,UT,2002,2564124,4445.0,971.0,5416.0,379.0,1294.0,1673.0,4824.0,2265.0,7089.0,2.76
170,VA,2002,7659643,16557.0,1580.0,18137.0,1916.0,3789.0,5705.0,18473.0,5369.0,23842.0,3.11
171,VI,2002,0,,,,,,,,,,
172,VT,2002,679735,993.0,153.0,1146.0,74.0,275.0,349.0,1067.0,428.0,1495.0,2.2
173,WA,2002,6804281,9752.0,1273.0,11025.0,1040.0,2777.0,3817.0,10792.0,4050.0,14842.0,2.18
174,WI,2002,5899168,12129.0,1745.0,13868.0,1924.0,3500.0,5424.0,14053.0,5245.0,19292.0,3.27
175,WV,2002,2692077,4075.0,479.0,4554.0,130.0,722.0,852.0,4205.0,1201.0,5406.0,2.01
176,WY,2002,512358,1194.0,246.0,1440.0,89.0,522.0,611.0,1283.0,768.0,2051.0,4.0
177,AK,2003,656222,1079.0,223.0,1302.0,113.0,477.0,590.0,1192.0,700.0,1892.0,2.88
178,AL,2003,4531274,9725.0,1906.0,11631.0,752.0,3344.0,4096.0,10477.0,5250.0,15727.0,3.47
179,AR,2003,4420373,7965.0,1715.0,9680.0,853.0,2898.0,3751.0,8818.0,4613.0,13431.0,3.04
180,AS,2003,0,,,,,,,,,,
181,AZ,2003,5746332,10180.0,3361.0,13541.0,1209.0,4679.0,5888.0,11389.0,8040.0,19429.0,3.38
182,CA,2003,36032926,68433.0,14328.0,82761.0,9718.0,26530.0,36248.0,78151.0,40858.0,119009.0,3.3
183,CO,2003,5142626,10801.0,1699.0,12500.0,1654.0,3844.0,5498.0,12455.0,5543.0,17998.0,3.5
184,CT,2003,4202611,8690.0,807.0,9497.0,952.0,1345.0,2297.0,9642.0,2152.0,11794.0,2.81
185,CZ,2003,0,,,,,,,,,,
186,DC,2003,563384,3544.0,346.0,3890.0,965.0,561.0,1526.0,4509.0,907.0,5416.0,9.61
187,DE,2003,845023,2867.0,482.0,3349.0,545.0,1133.0,1678.0,3412.0,1615.0,5027.0,5.95
188,FL,2003,17102484,37391.0,10233.0,47624.0,5993.0,16686.0,22679.0,43384.0,26919.0,70303.0,4.11
189,FS,2003,0,,,,,,,,,,
190,GA,2003,9839287,33189.0,6325.0,39514.0,5949.0,10258.0,16207.0,39138.0,16583.0,55721.0,5.66
191,GM,2003,0,0.0,0.0,,,,,,,,
192,HI,2003,1364659,2969.0,246.0,2927.0,268.0,615.0,883.0,3237.0,861.0,3810.0,2.79
193,IA,2003,3633788,5525.0,1011.0,6536.0,376.0,1886.0,2262.0,5901.0,2897.0,8798.0,2.42
194,ID,2003,1423233,2562.0,233.0,2795.0,161.0,952.0,1113.0,2723.0,1185.0,3908.0,2.75
195,IL,2003,12871302,31563.0,6064.0,37627.0,5444.0,7720.0,13164.0,37007.0,13784.0,50791.0,3.95
196,IN,2003,6343592,10701.0,3304.0,14005.0,865.0,3911.0,4776.0,11566.0,7215.0,18781.0,2.96
197,KS,2003,4157807,9664.0,1640.0,11304.0,957.0,2672.0,3629.0,10621.0,4312.0,14933.0,3.59
198,KY,2003,6029437,12691.0,1513.0,14204.0,1509.0,2741.0,4250.0,14200.0,4254.0,18454.0,3.06
199,LA,2003,4769732,14712.0,1470.0,16182.0,3343.0,3770.0,7113.0,18055.0,5240.0,23295.0,4.88
200,MA,2003,7062748,16371.0,1393.0,17764.0,1428.0,1996.0,3424.0,17799.0,3389.0,21188.0,3.0
201,MD,2003,5672192,13179.0,1830.0,15009.0,2109.0,2924.0,5033.0,15288.0,4754.0,20042.0,3.53
202,ME,2003,1365362,2169.0,338.0,2507.0,133.0,395.0,528.0,2302.0,733.0,3035.0,2.22
203,MI,2003,11207119,21507.0,3731.0,25238.0,3273.0,4993.0,8266.0,24780.0,8724.0,33504.0,2.99
204,MN,2003,5645982,8260.0,1932.0,10192.0,973.0,2902.0,3875.0,9233.0,4834.0,14067.0,2.49
205,MO,2003,5788691,12343.0,2182.0,14525.0,1264.0,3570.0,4834.0,13607.0,5752.0,19359.0,3.34
206,MP,2003,0,,,,,,,,,,
207,MS,2003,3171037,5913.0,1478.0,7391.0,516.0,2156.0,2672.0,6429.0,3634.0,10063.0,3.17
208,MT,2003,1135326,1770.0,628.0,2398.0,113.0,773.0,886.0,1883.0,1401.0,3284.0,2.89
209,NB,2003,1997230,3413.0,361.0,3774.0,375.0,1168.0,1543.0,3788.0,1529.0,5317.0,2.66
210,NC,2003,10034703,22193.0,4531.0,26724.0,2588.0,5817.0,8405.0,24781.0,10348.0,35129.0,3.5
211,ND,2003,739702,1183.0,145.0,1328.0,87.0,284.0,371.0,1270.0,429.0,1699.0,2.3
212,NH,2003,1578517,2624.0,253.0,2877.0,188.0,627.0,815.0,2812.0,880.0,3692.0,2.34
213,NJ,2003,8718667,30013.0,3210.0,33223.0,2501.0,5779.0,8280.0,32514.0,8989.0,41503.0,4.76
214,NM,2003,2080181,4129.0,491.0,4620.0,390.0,1172.0,1562.0,4519.0,1663.0,6182.0,2.97
215,NV,2003,2247570,4238.0,1099.0,5337.0,470.0,2069.0,2539.0,4708.0,3168.0,7876.0,3.5
216,NY,2003,22079734,52604.0,6441.0,59044.0,6722.0,13461.0,20183.0,59326.0,19902.0,79227.0,3.59
217,OH,2003,13810862,24540.0,4920.0,29458.0,2944.0,7129.0,10073.0,27484.0,12049.0,39531.0,2.86
218,OK,2003,3566501,6658.0,1414.0,8072.0,534.0,2042.0,2576.0,7192.0,3456.0,10648.0,2.99
219,OR,2003,4145309,5761.0,460.0,6221.0,579.0,1864.0,2443.0,6340.0,2324.0,8664.0,2.09
220,OT,2003,0,,,,,,,,,,
221,PA,2003,13597864,24681.0,1811.0,26491.0,2859.0,3192.0,6051.0,27540.0,5003.0,32542.0,2.39
222,PR,2003,0,0.0,0.0,,,,,,,,
223,RI,2003,1082476,2344.0,291.0,2635.0,171.0,347.0,518.0,2515.0,638.0,3153.0,2.91
224,SC,2003,4172489,10021.0,1487.0,11508.0,1179.0,2536.0,3715.0,11200.0,4023.0,15223.0,3.65
225,SD,2003,818874,1274.0,352.0,1626.0,80.0,404.0,484.0,1354.0,756.0,2110.0,2.58
226,TN,2003,5870029,14804.0,3536.0,18340.0,1622.0,5671.0,7293.0,16426.0,9207.0,25633.0,4.37
227,TX,2003,23383488,45940.0,13650.0,59588.0,5322.0,17380.0,22702.0,51262.0,31030.0,82290.0,3.52
228,UT,2003,2711596,4650.0,1095.0,5745.0,403.0,1512.0,1915.0,5053.0,2607.0,7660.0,2.82
229,VA,2003,7706304,16941.0,1660.0,18601.0,2068.0,4013.0,6081.0,19009.0,5673.0,24682.0,3.2
230,VI,2003,0,,,,,,,,,,
231,VT,2003,644922,988.0,126.0,1114.0,75.0,256.0,331.0,1063.0,382.0,1445.0,2.24
232,WA,2003,6927057,9953.0,1431.0,11384.0,1040.0,2915.0,3955.0,10993.0,4346.0,15339.0,2.21
233,WI,2003,6526235,14823.0,2062.0,16879.0,2601.0,4202.0,6803.0,17424.0,6264.0,23682.0,3.63
234,WV,2003,2803078,4556.0,443.0,4999.0,159.0,694.0,853.0,4715.0,1137.0,5852.0,2.09
235,WY,2003,509833,1255.0,260.0,1515.0,106.0,539.0,645.0,1361.0,799.0,2160.0,4.24
236,AK,2004,663616,1143.0,224.0,1367.0,127.0,477.0,604.0,1270.0,701.0,1971.0,2.97
237,AL,2004,4689646,10114.0,2026.0,12140.0,787.0,3472.0,4259.0,10901.0,5498.0,16399.0,3.5
238,AR,2004,3312968,6439.0,1317.0,7756.0,766.0,2149.0,2915.0,7205.0,3466.0,10671.0,3.22
239,AS,2004,0,,,,,,,,,,
240,AZ,2004,6044315,10576.0,3968.0,14544.0,1239.0,4988.0,6227.0,11815.0,8956.0,20771.0,3.44
241,CA,2004,36151800,67307.0,14028.0,81335.0,9662.0,25844.0,35506.0,76969.0,39872.0,116841.0,3.23
242,CO,2004,5057138,10594.0,1729.0,12323.0,1641.0,3820.0,5461.0,12235.0,5549.0,17784.0,3.52
243,CT,2004,4083112,8504.0,802.0,9306.0,951.0,1379.0,2330.0,9455.0,2181.0,11636.0,2.85
244,CZ,2004,0,,,,,,,,,,
245,DC,2004,553523,3767.0,316.0,4083.0,1021.0,510.0,1531.0,4788.0,826.0,5614.0,10.14
246,DE,2004,854779,2561.0,464.0,3025.0,348.0,697.0,1045.0,2909.0,1161.0,4070.0,4.76
247,FL,2004,17489500,38810.0,10590.0,49400.0,6320.0,17961.0,24281.0,45130.0,28551.0,73681.0,4.21
248,FS,2004,0,,,,,,,,,,
249,GA,2004,11101346,35168.0,6551.0,41719.0,6175.0,10652.0,16827.0,41343.0,17203.0,58546.0,5.27
250,GM,2004,0,0.0,0.0,,,,,,,,
251,HI,2004,1370337,2863.0,237.0,2812.0,270.0,582.0,852.0,3133.0,819.0,3664.0,2.67
252,IA,2004,3480184,5177.0,961.0,6138.0,380.0,1870.0,2250.0,5557.0,2831.0,8388.0,2.41
253,ID,2004,1443504,3063.0,286.0,3349.0,192.0,1140.0,1332.0,3255.0,1426.0,4681.0,3.24
254,IL,2004,12932050,31322.0,6240.0,37562.0,5595.0,7560.0,13155.0,36917.0,13800.0,50717.0,3.92
255,IN,2004,6472976,10881.0,3321.0,14202.0,895.0,3924.0,4819.0,11776.0,7245.0,19021.0,2.94
256,KS,2004,3283186,7962.0,1150.0,9112.0,707.0,2211.0,2918.0,8669.0,3361.0,12030.0,3.66
257,KY,2004,4988125,9252.0,1146.0,10398.0,854.0,2054.0,2908.0,10106.0,3200.0,13306.0,2.67
258,LA,2004,4871086,15009.0,1536.0,16545.0,3537.0,3842.0,7379.0,18546.0,5378.0,23924.0,4.91
259,MA,2004,7250474,16476.0,1583.0,18059.0,1434.0,2073.0,3507.0,17910.0,3656.0,21566.0,2.97
260,MD,2004,5729838,14626.0,2208.0,16834.0,2277.0,3318.0,5595.0,16903.0,5526.0,22429.0,3.91
261,ME,2004,1393265,2170.0,316.0,2486.0,140.0,423.0,563.0,2310.0,739.0,3049.0,2.19
262,MI,2004,11208772,20865.0,3843.0,24708.0,3213.0,4878.0,8091.0,24078.0,8721.0,32799.0,2.93
263,MN,2004,5307683,7875.0,1816.0,9691.0,938.0,2749.0,3687.0,8813.0,4565.0,13378.0,2.52
264,MO,2004,5968078,12839.0,2232.0,15071.0,1313.0,3565.0,4878.0,14152.0,5797.0,19949.0,3.34
265,MP,2004,0,,,,,,,,,,
266,MS,2004,3116379,5879.0,1656.0,7535.0,513.0,2373.0,2886.0,6392.0,4029.0,10421.0,3.34
267,MT,2004,1567999,2427.0,781.0,3208.0,159.0,1054.0,1213.0,2586.0,1835.0,4421.0,2.82
268,NB,2004,2005191,3473.0,441.0,3914.0,398.0,1148.0,1546.0,3871.0,1589.0,5460.0,2.72
269,NC,2004,9077089,21166.0,4711.0,25877.0,2546.0,5704.0,8250.0,23712.0,10415.0,34127.0,3.76
270,ND,2004,829822,1341.0,162.0,1503.0,99.0,349.0,448.0,1440.0,511.0,1951.0,2.35
271,NH,2004,1489259,2488.0,254.0,2742.0,192.0,615.0,807.0,2680.0,869.0,3549.0,2.38
272,NJ,2004,8751750,29470.0,3326.0,32796.0,2515.0,5740.0,8255.0,31985.0,9066.0,41051.0,4.69
273,NM,2004,1985191,3923.0,494.0,4417.0,400.0,1090.0,1490.0,4323.0,1584.0,5907.0,2.98
274,NV,2004,2341129,4310.0,1153.0,5463.0,467.0,2135.0,2602.0,4777.0,3288.0,8065.0,3.44
275,NY,2004,21401951,56685.0,7830.0,64514.0,8434.0,15932.0,24366.0,65119.0,23762.0,88880.0,4.15
276,OH,2004,14249695,24820.0,5159.0,29977.0,2918.0,7195.0,10113.0,27738.0,12354.0,40090.0,2.81
277,OK,2004,3607352,6623.0,1393.0,8016.0,531.0,2092.0,2623.0,7154.0,3485.0,10639.0,2.95
278,OR,2004,3862177,5313.0,555.0,5868.0,562.0,1771.0,2333.0,5875.0,2326.0,8201.0,2.12
279,OT,2004,0,,,,,,,,,,
280,PA,2004,13499967,24260.0,1852.0,26112.0,2843.0,3152.0,5995.0,27103.0,5004.0,32107.0,2.38
281,PR,2004,0,0.0,0.0,,,,,,,,
282,RI,2004,1730885,3458.0,443.0,3901.0,241.0,514.0,755.0,3699.0,957.0,4656.0,2.69
283,SC,2004,4222566,10659.0,1594.0,12253.0,1224.0,2798.0,4022.0,11883.0,4392.0,16275.0,3.85
284,SD,2004,1279886,1911.0,511.0,2422.0,132.0,604.0,736.0,2043.0,1115.0,3158.0,2.47
285,TN,2004,5965778,14956.0,3679.0,18635.0,1702.0,5865.0,7567.0,16658.0,9544.0,26202.0,4.39
286,TX,2004,23571069,48982.0,15067.0,64047.0,5509.0,20231.0,25740.0,54491.0,35298.0,89787.0,3.81
287,UT,2004,2622494,4534.0,1192.0,5726.0,348.0,1429.0,1777.0,4882.0,2621.0,7503.0,2.86
288,VA,2004,7758563,16625.0,1539.0,18164.0,2041.0,3915.0,5956.0,18666.0,5454.0,24120.0,3.11
289,VI,2004,0,,,,,,,,,,
290,VT,2004,632382,1007.0,114.0,1121.0,77.0,236.0,313.0,1084.0,350.0,1434.0,2.27
291,WA,2004,6879980,9637.0,1501.0,11138.0,1038.0,2821.0,3859.0,10675.0,4322.0,14997.0,2.18
292,WI,2004,6022713,12933.0,1972.0,14899.0,2282.0,3896.0,6178.0,15215.0,5868.0,21077.0,3.5
293,WV,2004,2173620,3730.0,400.0,4130.0,108.0,629.0,737.0,3838.0,1029.0,4867.0,2.24
294,WY,2004,520588,1221.0,204.0,1425.0,107.0,504.0,611.0,1328.0,708.0,2036.0,3.91
295,AK,2005,664150,1097.0,201.0,1298.0,119.0,468.0,587.0,1216.0,669.0,1885.0,2.84
296,AL,2005,4575157,9910.0,1929.0,11839.0,782.0,3294.0,4076.0,10692.0,5223.0,15915.0,3.48
297,AR,2005,3325915,6340.0,1316.0,7656.0,638.0,2189.0,2827.0,6978.0,3505.0,10483.0,3.15
298,AS,2005,0,,,,,,,,,,
299,AZ,2005,6409755,10998.0,4492.0,15490.0,1269.0,5295.0,6564.0,12267.0,9787.0,22054.0,3.44
300,CA,2005,36421230,67205.0,14342.0,81547.0,9740.0,25846.0,35586.0,76945.0,40188.0,117133.0,3.22
301,CO,2005,4814561,10644.0,1726.0,12370.0,1660.0,3636.0,5296.0,12304.0,5362.0,17666.0,3.67
302,CT,2005,4061364,8367.0,772.0,9139.0,953.0,1327.0,2280.0,9320.0,2099.0,11419.0,2.81
303,CZ,2005,0,,,,,,,,,,
304,DC,2005,550521,3787.0,327.0,4114.0,1011.0,430.0,1441.0,4798.0,757.0,5555.0,10.09
305,DE,2005,870075,2719.0,413.0,3132.0,412.0,819.0,1231.0,3131.0,1232.0,4363.0,5.01
306,FL,2005,17883830,37776.0,11034.0,48810.0,6189.0,18307.0,24496.0,43965.0,29341.0,73306.0,4.1
307,FS,2005,0,,,,,,,,,,
308,GA,2005,10497970,35204.0,6494.0,41698.0,6316.0,10370.0,16686.0,41520.0,16864.0,58384.0,5.56
309,GM,2005,0,0.0,0.0,,,,,,,,
310,HI,2005,1383742,2963.0,242.0,2917.0,280.0,608.0,888.0,3243.0,850.0,3805.0,2.75
311,IA,2005,3517975,5304.0,985.0,6289.0,398.0,1888.0,2286.0,5702.0,2873.0,8575.0,2.44
312,ID,2005,1649378,3078.0,232.0,3310.0,204.0,1215.0,1419.0,3282.0,1447.0,4729.0,2.87
313,IL,2005,12979219,31390.0,7010.0,38400.0,5627.0,7899.0,13526.0,37017.0,14909.0,51926.0,4.0
314,IN,2005,6432599,10823.0,2955.0,13778.0,854.0,3773.0,4627.0,11677.0,6728.0,18405.0,2.86
315,KS,2005,3243367,8226.0,1477.0,9703.0,763.0,2449.0,3212.0,8989.0,3926.0,12915.0,3.98
316,KY,2005,5322585,10380.0,1084.0,11464.0,926.0,1933.0,2859.0,11306.0,3017.0,14323.0,2.69
317,LA,2005,5782512,17341.0,1698.0,19039.0,4046.0,3835.0,7881.0,21387.0,5533.0,26920.0,4.66
318,MA,2005,7001197,16216.0,1449.0,17665.0,1434.0,2097.0,3531.0,17650.0,3546.0,21196.0,3.03
319,MD,2005,5772739,13249.0,2008.0,15257.0,2101.0,3040.0,5141.0,15350.0,5048.0,20398.0,3.53
320,ME,2005,1367789,2143.0,293.0,2436.0,132.0,399.0,531.0,2275.0,692.0,2967.0,2.17
321,MI,2005,10953383,20507.0,3584.0,24091.0,3071.0,4805.0,7876.0,23578.0,8389.0,31967.0,2.92
322,MN,2005,5529905,7837.0,1833.0,9670.0,974.0,2837.0,3811.0,8811.0,4670.0,13481.0,2.44
323,MO,2005,5885830,12212.0,2312.0,14524.0,1282.0,3534.0,4816.0,13494.0,5846.0,19340.0,3.29
324,MP,2005,0,,,,,,,,,,
325,MS,2005,3153201,5911.0,1572.0,7483.0,503.0,2353.0,2856.0,6414.0,3925.0,10339.0,3.28
326,MT,2005,1112245,1819.0,540.0,2359.0,120.0,834.0,954.0,1939.0,1374.0,3313.0,2.98
327,NB,2005,2019811,3457.0,420.0,3877.0,407.0,1152.0,1559.0,3864.0,1572.0,5436.0,2.69
328,NC,2005,9002656,22368.0,4876.0,27244.0,2562.0,5715.0,8277.0,24930.0,10591.0,35521.0,3.95
329,ND,2005,773593,1234.0,135.0,1369.0,103.0,312.0,415.0,1337.0,447.0,1784.0,2.31
330,NH,2005,1535778,2445.0,234.0,2679.0,191.0,601.0,792.0,2636.0,835.0,3471.0,2.26
331,NJ,2005,8770503,29897.0,3294.0,33191.0,2557.0,5794.0,8351.0,32454.0,9088.0,41542.0,4.74
332,NM,2005,2140831,4321.0,546.0,4867.0,399.0,1258.0,1657.0,4720.0,1804.0,6524.0,3.05
333,NV,2005,2421139,4463.0,1345.0,5808.0,522.0,2228.0,2750.0,4985.0,3573.0,8558.0,3.53
334,NY,2005,21281180,56615.0,7779.0,64393.0,8628.0,15777.0,24405.0,65243.0,23556.0,88798.0,4.17
335,OH,2005,14713656,25249.0,5166.0,30412.0,2889.0,7114.0,10003.0,28138.0,12280.0,40415.0,2.75
336,OK,2005,3661916,6632.0,1683.0,8315.0,550.0,2333.0,2883.0,7182.0,4016.0,11198.0,3.06
337,OR,2005,3947974,5462.0,524.0,5986.0,581.0,1801.0,2382.0,6043.0,2325.0,8368.0,2.12
338,OT,2005,0,,,,,,,,,,
339,PA,2005,13646947,24616.0,1929.0,26545.0,2810.0,3210.0,6020.0,27426.0,5139.0,32565.0,2.39
340,PR,2005,0,0.0,0.0,,,,,,,,
341,RI,2005,1082452,2397.0,308.0,2705.0,181.0,351.0,532.0,2578.0,659.0,3237.0,2.99
342,SC,2005,4300414,11743.0,1721.0,13464.0,1350.0,2852.0,4202.0,13093.0,4573.0,17666.0,4.11
343,SD,2005,1337112,2102.0,577.0,2679.0,120.0,786.0,906.0,2222.0,1363.0,3585.0,2.68
344,TN,2005,6003334,14808.0,3987.0,18795.0,1569.0,6151.0,7720.0,16377.0,10138.0,26515.0,4.42
345,TX,2005,23606976,49286.0,15071.0,64355.0,5693.0,20848.0,26541.0,54979.0,35919.0,90896.0,3.85
346,UT,2005,2801285,4594.0,1234.0,5828.0,408.0,1524.0,1932.0,5002.0,2758.0,7760.0,2.77
347,VA,2005,7616034,16168.0,1432.0,17600.0,1988.0,3674.0,5662.0,18156.0,5106.0,23262.0,3.05
348,VI,2005,0,,,,,,,,,,
349,VT,2005,667606,1347.0,181.0,1528.0,116.0,349.0,465.0,1463.0,530.0,1993.0,2.99
350,WA,2005,6855717,9962.0,1374.0,11336.0,1076.0,2851.0,3927.0,11038.0,4225.0,15263.0,2.23
351,WI,2005,5876056,12180.0,1811.0,13985.0,2065.0,3604.0,5669.0,14245.0,5415.0,19654.0,3.34
352,WV,2005,2109327,3650.0,378.0,4028.0,109.0,612.0,721.0,3759.0,990.0,4749.0,2.25
353,WY,2005,528488,1266.0,101.0,1367.0,115.0,417.0,532.0,1381.0,518.0,1899.0,3.59
354,AK,2006,670527,1133.0,237.0,1370.0,126.0,485.0,611.0,1259.0,722.0,1981.0,2.95
355,AL,2006,4616525,9910.0,2039.0,11949.0,776.0,3505.0,4281.0,10686.0,5544.0,16230.0,3.52
356,AR,2006,3181296,5964.0,1270.0,7234.0,623.0,2146.0,2769.0,6587.0,3416.0,10003.0,3.14
357,AS,2006,0,,,,,,,,,,
358,AZ,2006,6450151,11070.0,4568.0,15638.0,1296.0,5408.0,6704.0,12366.0,9976.0,22342.0,3.46
359,CA,2006,36685882,68255.0,14943.0,83198.0,9950.0,26499.0,36449.0,78205.0,41442.0,119647.0,3.26
360,CO,2006,4908722,10670.0,1728.0,12398.0,1648.0,3781.0,5429.0,12318.0,5509.0,17827.0,3.63
361,CT,2006,3764006,7651.0,753.0,8404.0,804.0,1199.0,2003.0,8455.0,1952.0,10407.0,2.76
362,CZ,2006,0,,,,,,,,,,
363,DC,2006,581530,3782.0,346.0,4128.0,1014.0,451.0,1465.0,4796.0,797.0,5593.0,9.62
364,DE,2006,881748,2526.0,384.0,2910.0,353.0,663.0,1016.0,2879.0,1047.0,3926.0,4.45
365,FL,2006,18186529,41497.0,10566.0,52063.0,6832.0,18450.0,25282.0,48329.0,29016.0,77345.0,4.25
366,FS,2006,0,,,,,,,,,,
367,GA,2006,11743145,37560.0,7116.0,44676.0,6889.0,11472.0,18361.0,44449.0,18588.0,63037.0,5.37
368,GM,2006,0,0.0,0.0,,,,,,,,
369,HI,2006,1394924,3033.0,251.0,2996.0,284.0,611.0,895.0,3317.0,862.0,3891.0,2.79
370,IA,2006,3489369,5243.0,1057.0,6300.0,393.0,1824.0,2217.0,5636.0,2881.0,8517.0,2.44
371,ID,2006,1537222,2750.0,265.0,3015.0,202.0,1148.0,1350.0,2952.0,1413.0,4365.0,2.84
372,IL,2006,12971437,31748.0,7027.0,38775.0,5775.0,7847.0,13622.0,37523.0,14874.0,52397.0,4.04
373,IN,2006,6414971,10723.0,3086.0,13809.0,837.0,3824.0,4661.0,11560.0,6910.0,18470.0,2.88
374,KS,2006,3313172,8657.0,1633.0,10290.0,847.0,2464.0,3311.0,9504.0,4097.0,13601.0,4.11
375,KY,2006,4654251,9036.0,904.0,9940.0,691.0,1617.0,2308.0,9727.0,2521.0,12248.0,2.63
376,LA,2006,4689450,14919.0,1571.0,16490.0,3823.0,3151.0,6974.0,18742.0,4722.0,23464.0,5.0
377,MA,2006,6799132,16541.0,1399.0,17940.0,1446.0,2158.0,3604.0,17987.0,3557.0,21544.0,3.17
378,MD,2006,5783440,14814.0,2434.0,17248.0,2239.0,3555.0,5794.0,17053.0,5989.0,23042.0,3.98
379,ME,2006,1454430,2197.0,333.0,2530.0,128.0,444.0,572.0,2325.0,777.0,3102.0,2.13
380,MI,2006,10711402,19728.0,3414.0,23142.0,2949.0,4543.0,7492.0,22677.0,7957.0,30634.0,2.86
381,MN,2006,5494427,7826.0,1910.0,9736.0,999.0,2889.0,3888.0,8825.0,4799.0,13624.0,2.48
382,MO,2006,5914955,12556.0,2390.0,14946.0,1338.0,3465.0,4803.0,13894.0,5855.0,19749.0,3.34
383,MP,2006,0,,,,,,,,,,
384,MS,2006,3010899,5684.0,1525.0,7209.0,503.0,2310.0,2813.0,6187.0,3835.0,10022.0,3.33
385,MT,2006,1051485,1769.0,513.0,2282.0,122.0,686.0,808.0,1891.0,1199.0,3090.0,2.94
386,NB,2006,2027469,3516.0,485.0,4001.0,415.0,1134.0,1549.0,3931.0,1619.0,5550.0,2.74
387,NC,2006,9586839,21703.0,4712.0,26415.0,2740.0,6036.0,8776.0,24443.0,10748.0,35191.0,3.67
388,ND,2006,670680,1134.0,146.0,1280.0,104.0,299.0,403.0,1238.0,445.0,1683.0,2.51
389,NH,2006,1446567,2541.0,253.0,2794.0,202.0,627.0,829.0,2743.0,880.0,3623.0,2.5
390,NJ,2006,8775225,29582.0,3115.0,32697.0,2549.0,5465.0,8014.0,32131.0,8580.0,40711.0,4.64
391,NM,2006,2010243,3946.0,600.0,4546.0,398.0,1152.0,1550.0,4344.0,1752.0,6096.0,3.03
392,NV,2006,2502102,4766.0,1400.0,6166.0,515.0,2419.0,2934.0,5281.0,3819.0,9100.0,3.64
393,NY,2006,21206462,56720.0,7999.0,64718.0,8768.0,16282.0,25050.0,65488.0,24281.0,89768.0,4.23
394,OH,2006,14972268,26548.0,4601.0,31148.0,2903.0,7054.0,9957.0,29451.0,11655.0,41105.0,2.75
395,OK,2006,3695169,6695.0,1713.0,8408.0,557.0,2273.0,2830.0,7252.0,3986.0,11238.0,3.04
396,OR,2006,3757824,5308.0,1206.0,6514.0,564.0,2081.0,2645.0,5872.0,3287.0,9159.0,2.44
397,OT,2006,0,,,,,,,,,,
398,PA,2006,13651092,24904.0,1919.0,26823.0,2830.0,3207.0,6037.0,27734.0,5126.0,32860.0,2.41
399,PR,2006,0,0.0,0.0,,,,,,,,
400,RI,2006,1073858,2387.0,311.0,2698.0,183.0,355.0,538.0,2570.0,666.0,3236.0,3.01
401,SC,2006,4411430,11225.0,1483.0,12708.0,1395.0,2707.0,4102.0,12620.0,4190.0,16810.0,3.81
402,SD,2006,1081334,1664.0,504.0,2168.0,120.0,627.0,747.0,1784.0,1131.0,2915.0,2.7
403,TN,2006,6098211,14594.0,4238.0,18832.0,1459.0,5841.0,7300.0,16053.0,10079.0,26132.0,4.29
404,TX,2006,23781113,48794.0,15684.0,64476.0,5604.0,21691.0,27295.0,54398.0,37375.0,91771.0,3.86
405,UT,2006,2728965,4383.0,1490.0,5873.0,343.0,1549.0,1892.0,4726.0,3039.0,7765.0,2.85
406,VA,2006,7729866,16722.0,1517.0,18239.0,2125.0,3876.0,6001.0,18847.0,5393.0,24240.0,3.14
407,VI,2006,0,,,,,,,,,,
408,VT,2006,659874,1125.0,130.0,1255.0,94.0,286.0,380.0,1219.0,416.0,1635.0,2.48
409,WA,2006,6688879,9475.0,1407.0,10882.0,1000.0,2831.0,3831.0,10475.0,4238.0,14713.0,2.2
410,WI,2006,6107968,11960.0,1910.0,13864.0,1954.0,3498.0,5452.0,13914.0,5408.0,19316.0,3.16
411,WV,2006,2250145,4316.0,345.0,4661.0,120.0,674.0,794.0,4436.0,1019.0,5455.0,2.42
412,WY,2006,521499,1237.0,118.0,1355.0,112.0,441.0,553.0,1349.0,559.0,1908.0,3.66
413,AK,2007,683918,1127.0,235.0,1362.0,119.0,454.0,573.0,1246.0,689.0,1935.0,2.83
414,AL,2007,4646319,10126.0,2092.0,12218.0,759.0,3695.0,4454.0,10885.0,5787.0,16672.0,3.59
415,AR,2007,3061835,5987.0,1258.0,7245.0,639.0,2114.0,2753.0,6626.0,3372.0,9998.0,3.27
416,AS,2007,0,,,,,,,,,,
417,AZ,2007,6614301,11582.0,4680.0,16262.0,1364.0,5589.0,6953.0,12946.0,10269.0,23215.0,3.51
418,CA,2007,36696956,70880.0,15601.0,86481.0,10257.0,27825.0,38082.0,81137.0,43426.0,124563.0,3.39
419,CO,2007,5058043,10923.0,1889.0,12812.0,1659.0,3842.0,5501.0,12582.0,5731.0,18313.0,3.62
420,CT,2007,3817352,7835.0,818.0,8653.0,808.0,1204.0,2012.0,8643.0,2022.0,10665.0,2.79
421,CZ,2007,0,,,,,,,,,,
422,DC,2007,588292,3869.0,358.0,4227.0,1033.0,474.0,1507.0,4902.0,832.0,5734.0,9.75
423,DE,2007,917216,2519.0,424.0,2943.0,336.0,674.0,1010.0,2855.0,1098.0,3953.0,4.31
424,FL,2007,18341214,39030.0,11096.0,50126.0,6329.0,18959.0,25288.0,45359.0,30055.0,75414.0,4.11
425,FS,2007,0,,,,,,,,,,
426,GA,2007,10168475,32646.0,5777.0,38423.0,6499.0,10123.0,16622.0,39145.0,15900.0,55045.0,5.41
427,GM,2007,0,0.0,0.0,,,,,,,,
428,HI,2007,1392635,3012.0,267.0,2991.0,290.0,634.0,924.0,3302.0,901.0,3915.0,2.81
429,IA,2007,3515498,5376.0,1068.0,6444.0,412.0,1880.0,2292.0,5788.0,2948.0,8736.0,2.48
430,ID,2007,1550280,2769.0,441.0,3210.0,199.0,1057.0,1256.0,2968.0,1498.0,4466.0,2.88
431,IL,2007,12950887,31724.0,7753.0,39477.0,5791.0,8509.0,14300.0,37515.0,16262.0,53777.0,4.15
432,IN,2007,6497294,10926.0,2928.0,13854.0,849.0,3511.0,4360.0,11775.0,6439.0,18214.0,2.8
433,KS,2007,3369490,8824.0,1577.0,10401.0,935.0,2607.0,3542.0,9759.0,4184.0,13943.0,4.14
434,KY,2007,5693180,11176.0,1103.0,12279.0,908.0,1986.0,2894.0,12084.0,3089.0,15173.0,2.67
435,LA,2007,4450169,14028.0,2133.0,16161.0,2992.0,3992.0,6984.0,17020.0,6125.0,23145.0,5.2
436,MA,2007,6986373,16630.0,1517.0,18147.0,1421.0,2211.0,3632.0,18051.0,3728.0,21779.0,3.12
437,MD,2007,5842608,13847.0,2118.0,15965.0,2131.0,3273.0,5404.0,15978.0,5391.0,21369.0,3.66
438,ME,2007,1408460,2297.0,361.0,2658.0,143.0,437.0,580.0,2440.0,798.0,3238.0,2.3
439,MI,2007,10958804,19938.0,3516.0,23454.0,3020.0,4485.0,7505.0,22958.0,8001.0,30959.0,2.83
440,MN,2007,5556498,8032.0,2084.0,10116.0,1071.0,2907.0,3978.0,9103.0,4991.0,14094.0,2.54
441,MO,2007,5965134,14118.0,2789.0,16907.0,1438.0,4235.0,5673.0,15556.0,7024.0,22580.0,3.79
442,MP,2007,0,,,,,,,,,,
443,MS,2007,3024679,5758.0,1447.0,7205.0,507.0,2387.0,2894.0,6265.0,3834.0,10099.0,3.34
444,MT,2007,1045814,1814.0,504.0,2318.0,125.0,617.0,742.0,1939.0,1121.0,3060.0,2.93
445,NB,2007,1934192,3281.0,374.0,3655.0,373.0,1086.0,1459.0,3654.0,1460.0,5114.0,2.64
446,NC,2007,10729781,25623.0,5337.0,30960.0,2941.0,6686.0,9627.0,28564.0,12023.0,40587.0,3.78
447,ND,2007,734139,1207.0,184.0,1391.0,128.0,318.0,446.0,1335.0,502.0,1837.0,2.5
448,NH,2007,1528130,2715.0,291.0,3006.0,214.0,641.0,855.0,2929.0,932.0,3861.0,2.53
449,NJ,2007,8735716,31051.0,3488.0,34539.0,2779.0,6002.0,8781.0,33830.0,9490.0,43320.0,4.96
450,NM,2007,1999763,3989.0,563.0,4552.0,400.0,1171.0,1571.0,4389.0,1734.0,6123.0,3.06
451,NV,2007,2571920,5736.0,747.0,6483.0,678.0,2396.0,3074.0,6414.0,3143.0,9557.0,3.72
452,NY,2007,21175344,55985.0,8177.0,64162.0,8720.0,16784.0,25504.0,64705.0,24961.0,89666.0,4.23
453,OH,2007,13639490,25271.0,4950.0,30220.0,2881.0,7119.0,10000.0,28152.0,12069.0,40220.0,2.95
454,OK,2007,3683300,6877.0,1658.0,8535.0,558.0,2360.0,2918.0,7435.0,4018.0,11453.0,3.11
455,OR,2007,3853651,6262.0,1866.0,8128.0,676.0,2669.0,3345.0,6938.0,4535.0,11473.0,2.98
456,OT,2007,0,,,,,,,,,,
457,PA,2007,13504531,25370.0,1925.0,27295.0,2853.0,3223.0,6076.0,28223.0,5148.0,33371.0,2.47
458,PR,2007,0,0.0,0.0,,,,,,,,
459,RI,2007,1086975,2438.0,314.0,2752.0,188.0,367.0,555.0,2626.0,681.0,3307.0,3.04
460,SC,2007,4432638,10937.0,1507.0,12444.0,1358.0,2804.0,4162.0,12295.0,4311.0,16606.0,3.75
461,SD,2007,968744,1538.0,372.0,1910.0,116.0,526.0,642.0,1654.0,898.0,2552.0,2.63
462,TN,2007,6218821,14893.0,7806.0,22699.0,1506.0,7873.0,9379.0,16399.0,15679.0,32078.0,5.16
463,TX,2007,24858321,51075.0,16359.0,67432.0,5984.0,22559.0,28543.0,57059.0,38918.0,95975.0,3.86
464,UT,2007,2810524,4495.0,1561.0,6056.0,332.0,1631.0,1963.0,4827.0,3192.0,8019.0,2.85
465,VA,2007,7836504,16849.0,1508.0,18357.0,2192.0,3891.0,6083.0,19041.0,5399.0,24440.0,3.12
466,VI,2007,0,,,,,,,,,,
467,VT,2007,648707,1216.0,141.0,1357.0,101.0,286.0,387.0,1317.0,427.0,1744.0,2.69
468,WA,2007,6583891,9582.0,1435.0,11017.0,987.0,2888.0,3875.0,10569.0,4323.0,14892.0,2.26
469,WI,2007,5978650,11676.0,2187.0,13857.0,1847.0,3763.0,5610.0,13523.0,5950.0,19467.0,3.26
470,WV,2007,2365317,4037.0,406.0,4443.0,118.0,685.0,803.0,4155.0,1091.0,5246.0,2.22
471,WY,2007,531696,1320.0,180.0,1500.0,126.0,520.0,646.0,1446.0,700.0,2146.0,4.04
472,AK,2008,686732,1180.0,234.0,1414.0,119.0,474.0,593.0,1299.0,708.0,2007.0,2.92
473,AL,2008,4940876,10877.0,2345.0,13222.0,834.0,3828.0,4662.0,11711.0,6173.0,17884.0,3.62
474,AR,2008,3045519,5930.0,1416.0,7346.0,505.0,2406.0,2911.0,6435.0,3822.0,10257.0,3.37
475,AS,2008,0,,,,,,,,,,
476,AZ,2008,6748004,11973.0,4657.0,16630.0,1425.0,5672.0,7097.0,13398.0,10329.0,23727.0,3.52
477,CA,2008,36877380,72942.0,15062.0,88004.0,10951.0,28098.0,39049.0,83893.0,43160.0,127053.0,3.45
478,CO,2008,5272577,11567.0,1954.0,13521.0,1817.0,3953.0,5770.0,13384.0,5907.0,19291.0,3.66
479,CT,2008,3640379,7974.0,816.0,8790.0,803.0,1231.0,2034.0,8777.0,2047.0,10824.0,2.97
480,CZ,2008,0,,,,,,,,,,
481,DC,2008,591833,4021.0,358.0,4379.0,1055.0,491.0,1546.0,5076.0,849.0,5925.0,10.01
482,DE,2008,892606,2558.0,412.0,2970.0,350.0,668.0,1018.0,2908.0,1080.0,3988.0,4.47
483,FL,2008,18436905,39136.0,11096.0,50232.0,6524.0,18810.0,25334.0,45660.0,29906.0,75566.0,4.1
484,FS,2008,0,,,,,,,,,,
485,GA,2008,10934614,36555.0,6470.0,43025.0,7230.0,10754.0,17984.0,43785.0,17224.0,61009.0,5.58
486,GM,2008,0,0.0,0.0,,,,,,,,
487,HI,2008,1397856,3103.0,275.0,3090.0,315.0,627.0,942.0,3418.0,902.0,4032.0,2.88
488,IA,2008,3454799,5383.0,1165.0,6548.0,415.0,1978.0,2393.0,5798.0,3143.0,8941.0,2.59
489,ID,2008,1575635,2801.0,537.0,3338.0,199.0,1326.0,1525.0,3000.0,1863.0,4863.0,3.09
490,IL,2008,13005246,31757.0,7410.0,39167.0,5772.0,7959.0,13731.0,37529.0,15369.0,52898.0,4.07
491,IN,2008,6564511,11134.0,3014.0,14148.0,875.0,3599.0,4474.0,12009.0,6613.0,18622.0,2.84
492,KS,2008,3482614,8603.0,1627.0,10230.0,823.0,2632.0,3455.0,9426.0,4259.0,13685.0,3.93
493,KY,2008,6150346,11603.0,1334.0,12937.0,965.0,2101.0,3066.0,12568.0,3435.0,16003.0,2.6
494,LA,2008,4728530,15372.0,1703.0,17075.0,3729.0,3934.0,7663.0,19101.0,5637.0,24738.0,5.23
495,MA,2008,6734340,16172.0,1681.0,17853.0,1428.0,2165.0,3593.0,17600.0,3846.0,21446.0,3.18
496,MD,2008,5800551,13983.0,2149.0,16132.0,2139.0,3281.0,5420.0,16122.0,5430.0,21552.0,3.72
497,ME,2008,1356450,2159.0,316.0,2475.0,139.0,419.0,558.0,2298.0,735.0,3033.0,2.24
498,MI,2008,10863427,20063.0,3563.0,23626.0,2858.0,4602.0,7460.0,22921.0,8165.0,31086.0,2.86
499,MN,2008,5591751,8309.0,2165.0,10474.0,1118.0,2966.0,4084.0,9427.0,5131.0,14558.0,2.6
500,MO,2008,6034833,14413.0,2831.0,17244.0,1462.0,4251.0,5713.0,15875.0,7082.0,22957.0,3.8
501,MP,2008,0,,,,,,,,,,
502,MS,2008,3006310,5732.0,1495.0,7227.0,484.0,2320.0,2804.0,6216.0,3815.0,10031.0,3.34
503,MT,2008,1099578,1843.0,517.0,2360.0,114.0,663.0,777.0,1957.0,1180.0,3137.0,2.85
504,NB,2008,1947451,3336.0,351.0,3687.0,395.0,1029.0,1424.0,3731.0,1380.0,5111.0,2.62
505,NC,2008,10542296,23587.0,5494.0,29081.0,2906.0,6712.0,9618.0,26493.0,12206.0,38699.0,3.67
506,ND,2008,750663,1220.0,197.0,1417.0,126.0,286.0,412.0,1346.0,483.0,1829.0,2.44
507,NH,2008,1405175,2623.0,281.0,2904.0,224.0,641.0,865.0,2847.0,922.0,3769.0,2.68
508,NJ,2008,8727783,30707.0,3670.0,34377.0,2833.0,6004.0,8837.0,33540.0,9674.0,43214.0,4.95
509,NM,2008,2021853,4029.0,601.0,4630.0,416.0,1151.0,1567.0,4445.0,1752.0,6197.0,3.07
510,NV,2008,2606849,5212.0,866.0,6078.0,535.0,2248.0,2783.0,5747.0,3114.0,8861.0,3.4
511,NY,2008,21665173,57128.0,6197.0,63325.0,8906.0,14280.0,23186.0,66034.0,20477.0,86511.0,3.99
512,OH,2008,14289756,26729.0,4944.0,31672.0,3045.0,7335.0,10380.0,29774.0,12279.0,42052.0,2.94
513,OK,2008,3894849,7434.0,1670.0,9104.0,725.0,2402.0,3127.0,8159.0,4072.0,12231.0,3.14
514,OR,2008,4012947,6249.0,2027.0,8276.0,670.0,2822.0,3492.0,6919.0,4849.0,11768.0,2.93
515,OT,2008,0,,,,,,,,,,
516,PA,2008,13294374,24855.0,1938.0,26793.0,2849.0,3228.0,6077.0,27704.0,5166.0,32870.0,2.47
517,PR,2008,0,0.0,0.0,,,,,,,,
518,RI,2008,1056952,2410.0,299.0,2709.0,182.0,362.0,544.0,2592.0,661.0,3253.0,3.08
519,SC,2008,4525957,11400.0,1536.0,12928.0,1366.0,2806.0,4172.0,12766.0,4342.0,17100.0,3.78
520,SD,2008,947085,1504.0,347.0,1851.0,88.0,518.0,606.0,1592.0,865.0,2457.0,2.59
521,TN,2008,6243278,14988.0,4556.0,19544.0,1574.0,5898.0,7472.0,16562.0,10454.0,27016.0,4.33
522,TX,2008,24426780,51028.0,16487.0,67513.0,6046.0,23245.0,29291.0,57074.0,39732.0,96804.0,3.96
523,UT,2008,2874244,4494.0,1518.0,6012.0,353.0,1510.0,1863.0,4847.0,3028.0,7875.0,2.74
524,VA,2008,7824878,16986.0,1504.0,18490.0,2257.0,3960.0,6217.0,19243.0,5464.0,24707.0,3.16
525,VI,2008,0,,,,,,,,,,
526,VT,2008,669691,1042.0,135.0,1177.0,87.0,262.0,349.0,1129.0,397.0,1526.0,2.28
527,WA,2008,7422595,11046.0,1666.0,12712.0,1212.0,3321.0,4533.0,12258.0,4987.0,17245.0,2.32
528,WI,2008,5899106,11652.0,2119.0,13765.0,1866.0,3680.0,5546.0,13518.0,5799.0,19311.0,3.27
529,WV,2008,2340627,4012.0,602.0,4614.0,139.0,675.0,814.0,4151.0,1277.0,5428.0,2.32
530,WY,2008,539308,1321.0,154.0,1475.0,108.0,493.0,601.0,1429.0,647.0,2076.0,3.85
531,AK,2009,698901,1195.0,246.0,1441.0,109.0,474.0,583.0,1304.0,720.0,2024.0,2.9
532,AL,2009,5319809,11847.0,2608.0,14455.0,884.0,4183.0,5067.0,12731.0,6791.0,19522.0,3.67
533,AR,2009,3011786,6054.0,1512.0,7566.0,555.0,2374.0,2929.0,6609.0,3886.0,10495.0,3.48
534,AS,2009,0,,,,,,,,,,
535,AZ,2009,6630821,11815.0,4635.0,16450.0,1395.0,5522.0,6917.0,13210.0,10157.0,23367.0,3.52
536,CA,2009,37220025,72233.0,14882.0,87115.0,10840.0,27679.0,38519.0,83073.0,42561.0,125634.0,3.38
537,CO,2009,5226268,11217.0,2068.0,13285.0,1701.0,4002.0,5703.0,12918.0,6070.0,18988.0,3.63
538,CT,2009,3609641,7882.0,784.0,8666.0,796.0,1178.0,1974.0,8678.0,1962.0,10640.0,2.95
539,CZ,2009,0,,,,,,,,,,
540,DC,2009,599657,4069.0,359.0,4428.0,1070.0,471.0,1541.0,5139.0,830.0,5969.0,9.95
541,DE,2009,907237,2548.0,400.0,2948.0,362.0,646.0,1008.0,2910.0,1046.0,3956.0,4.36
542,FL,2009,18646709,39753.0,10295.0,50048.0,6468.0,18602.0,25070.0,46221.0,28897.0,75118.0,4.03
543,FS,2009,0,,,,,,,,,,
544,GA,2009,10492556,34661.0,6958.0,41619.0,6731.0,11107.0,17838.0,41392.0,18065.0,59457.0,5.67
545,GM,2009,0,0.0,0.0,,,,,,,,
546,HI,2009,1405431,3100.0,281.0,3093.0,311.0,635.0,946.0,3411.0,916.0,4039.0,2.87
547,IA,2009,3549105,5516.0,1153.0,6669.0,475.0,1936.0,2411.0,5991.0,3089.0,9080.0,2.56
548,ID,2009,1620426,2842.0,340.0,3182.0,205.0,1284.0,1489.0,3047.0,1624.0,4671.0,2.88
549,IL,2009,13914378,33100.0,7509.0,40609.0,5804.0,8334.0,14138.0,38904.0,15843.0,54747.0,3.93
550,IN,2009,6603470,11292.0,3101.0,14393.0,987.0,3492.0,4479.0,12279.0,6593.0,18872.0,2.86
551,KS,2009,3517857,8571.0,1629.0,10200.0,788.0,2514.0,3302.0,9359.0,4143.0,13502.0,3.84
552,KY,2009,5207550,9815.0,1032.0,10847.0,807.0,1611.0,2418.0,10622.0,2643.0,13265.0,2.55
553,LA,2009,4980362,15536.0,2524.0,18060.0,3231.0,4367.0,7598.0,18767.0,6891.0,25658.0,5.15
554,MA,2009,6770127,15491.0,1346.0,16837.0,1362.0,1924.0,3286.0,16853.0,3270.0,20123.0,2.97
555,MD,2009,5870987,14017.0,2024.0,16041.0,2140.0,3173.0,5313.0,16157.0,5197.0,21354.0,3.64
556,ME,2009,1385421,2188.0,255.0,2443.0,135.0,378.0,513.0,2323.0,633.0,2956.0,2.13
557,MI,2009,10628324,19117.0,3524.0,22641.0,2846.0,4407.0,7253.0,21963.0,7931.0,29894.0,2.81
558,MN,2009,5634672,8286.0,2112.0,10398.0,1121.0,2952.0,4073.0,9407.0,5064.0,14471.0,2.57
559,MO,2009,6304161,14884.0,2892.0,17776.0,1509.0,4402.0,5911.0,16393.0,7294.0,23687.0,3.76
560,MP,2009,0,,,,,,,,,,
561,MS,2009,3123781,6043.0,1622.0,7665.0,546.0,2348.0,2894.0,6589.0,3970.0,10559.0,3.38
562,MT,2009,1048053,1819.0,561.0,2380.0,107.0,690.0,797.0,1926.0,1251.0,3177.0,3.03
563,NB,2009,2128739,3714.0,376.0,4090.0,413.0,1165.0,1578.0,4127.0,1541.0,5668.0,2.66
564,NC,2009,10107308,23220.0,5487.0,28707.0,2719.0,6355.0,9074.0,25939.0,11842.0,37781.0,3.74
565,ND,2009,711674,1221.0,176.0,1397.0,140.0,302.0,442.0,1361.0,478.0,1839.0,2.58
566,NH,2009,1393437,2549.0,264.0,2813.0,209.0,623.0,832.0,2758.0,887.0,3645.0,2.62
567,NJ,2009,8770128,30088.0,3562.0,33650.0,2695.0,6099.0,8794.0,32783.0,9661.0,42444.0,4.84
568,NM,2009,2084727,4318.0,904.0,5222.0,452.0,1393.0,1845.0,4770.0,2297.0,7067.0,3.39
569,NV,2009,2649704,5445.0,1441.0,6886.0,575.0,2693.0,3268.0,6020.0,4134.0,10154.0,3.83
570,NY,2009,21561198,56644.0,7923.0,64567.0,8781.0,14277.0,23058.0,65425.0,22200.0,87625.0,4.06
571,OH,2009,13393551,24901.0,4623.0,29518.0,2836.0,6893.0,9729.0,27737.0,11516.0,39247.0,2.93
572,OK,2009,3873323,7564.0,1812.0,9376.0,714.0,2457.0,3171.0,8278.0,4269.0,12547.0,3.24
573,OR,2009,3929223,6354.0,1996.0,8350.0,646.0,2692.0,3338.0,7000.0,4688.0,11688.0,2.97
574,OT,2009,0,,,,,,,,,,
575,PA,2009,13559554,24994.0,1833.0,26827.0,2792.0,3203.0,5995.0,27786.0,5036.0,32822.0,2.42
576,PR,2009,0,13156.0,457.0,13613.0,3289.0,1045.0,4334.0,16445.0,1502.0,17947.0,
577,RI,2009,1059442,2377.0,290.0,2667.0,186.0,351.0,537.0,2563.0,641.0,3204.0,3.02
578,SC,2009,4642382,11401.0,1546.0,12947.0,1387.0,2845.0,4232.0,12788.0,4391.0,17179.0,3.7
579,SD,2009,868101,1481.0,376.0,1857.0,93.0,524.0,617.0,1574.0,900.0,2474.0,2.85
580,TN,2009,6312836,15303.0,4483.0,19786.0,1560.0,5938.0,7498.0,16863.0,10421.0,27284.0,4.32
581,TX,2009,25114488,52866.0,17343.0,70207.0,6566.0,22941.0,29507.0,59432.0,40284.0,99714.0,3.97
582,UT,2009,2896540,4561.0,1465.0,6026.0,368.0,1605.0,1973.0,4929.0,3070.0,7999.0,2.76
583,VA,2009,7899443,16944.0,1430.0,18374.0,2220.0,3890.0,6110.0,19164.0,5320.0,24484.0,3.1
584,VI,2009,0,0.0,0.0,,,,,,,,
585,VT,2009,667724,1224.0,136.0,1360.0,107.0,295.0,402.0,1331.0,431.0,1762.0,2.64
586,WA,2009,8037762,11556.0,1718.0,13274.0,1208.0,3134.0,4342.0,12764.0,4852.0,17616.0,2.19
587,WI,2009,5831611,11612.0,2411.0,14017.0,1833.0,3683.0,5516.0,13445.0,6094.0,19533.0,3.35
588,WV,2009,2393190,4212.0,435.0,4647.0,137.0,727.0,864.0,4349.0,1162.0,5511.0,2.3
589,WY,2009,551287,1366.0,146.0,1512.0,116.0,490.0,606.0,1482.0,636.0,2118.0,3.84
590,AK,2010,711456,1152.0,256.0,1408.0,106.0,474.0,580.0,1258.0,730.0,1988.0,2.79
591,AL,2010,5638613,11919.0,2521.0,14440.0,999.0,3964.0,4963.0,12918.0,6485.0,19403.0,3.44
592,AR,2010,3244947,6357.0,1673.0,8030.0,530.0,2512.0,3042.0,6887.0,4185.0,11072.0,3.41
593,AS,2010,0,,,,,,,,,,
594,AZ,2010,6643848,11835.0,4513.0,16348.0,1404.0,5404.0,6808.0,13239.0,9917.0,23156.0,3.49
595,CA,2010,37421024,71162.0,14840.0,86002.0,10638.0,26301.0,36939.0,81800.0,41141.0,122941.0,3.29
596,CO,2010,5508107,11732.0,2213.0,13945.0,1818.0,4213.0,6031.0,13550.0,6426.0,19976.0,3.63
597,CT,2010,3694281,7881.0,794.0,8675.0,816.0,1082.0,1898.0,8697.0,1876.0,10573.0,2.86
598,CZ,2010,0,,,,,,,,,,
599,DC,2010,601723,3629.0,277.0,3906.0,958.0,370.0,1328.0,4587.0,647.0,5234.0,8.7
600,DE,2010,915164,4254.0,674.0,4928.0,564.0,1114.0,1678.0,4818.0,1788.0,6606.0,7.22
601,FL,2010,18910325,39765.0,10527.0,50292.0,6637.0,18422.0,25059.0,46402.0,28949.0,75351.0,3.98
602,FS,2010,0,,,,,,,,,,
603,GA,2010,10591328,34077.0,5698.0,39775.0,6886.0,9769.0,16655.0,40963.0,15467.0,56430.0,5.33
604,GM,2010,0,0.0,0.0,,,,,,,,
605,HI,2010,1479842,3070.0,265.0,3047.0,298.0,617.0,915.0,3368.0,882.0,3962.0,2.68
606,IA,2010,3560199,5458.0,1167.0,6625.0,451.0,1925.0,2376.0,5909.0,3092.0,9001.0,2.53
607,ID,2010,1695574,3033.0,346.0,3379.0,227.0,1402.0,1629.0,3260.0,1748.0,5008.0,2.95
608,IL,2010,12953308,30286.0,6986.0,37272.0,5481.0,7481.0,12962.0,35767.0,14467.0,50234.0,3.88
609,IN,2010,6704215,11463.0,2945.0,14408.0,907.0,3415.0,4322.0,12370.0,6360.0,18730.0,2.79
610,KS,2010,3335269,7976.0,1538.0,9514.0,720.0,2541.0,3261.0,8696.0,4079.0,12775.0,3.83
611,KY,2010,4912792,9665.0,1018.0,10683.0,721.0,1640.0,2361.0,10386.0,2658.0,13044.0,2.66
612,LA,2010,4703076,14475.0,2190.0,16665.0,3200.0,3864.0,7064.0,17675.0,6054.0,23729.0,5.05
613,MA,2010,6800338,15432.0,1492.0,16924.0,1443.0,2156.0,3599.0,16875.0,3648.0,20523.0,3.02
614,MD,2010,5949764,13850.0,2053.0,15903.0,2145.0,3172.0,5317.0,15995.0,5225.0,21220.0,3.57
615,ME,2010,1373284,2162.0,246.0,2408.0,142.0,358.0,500.0,2304.0,604.0,2908.0,2.12
616,MI,2010,10792093,18787.0,3352.0,22139.0,2835.0,4152.0,6987.0,21622.0,7504.0,29126.0,2.7
617,MN,2010,5955984,8380.0,2014.0,10394.0,1133.0,2897.0,4030.0,9513.0,4911.0,14424.0,2.42
618,MO,2010,6226995,14711.0,2810.0,17521.0,1532.0,4256.0,5788.0,16243.0,7066.0,23309.0,3.74
619,MP,2010,0,,,,,,,,,,
620,MS,2010,3180636,6292.0,1757.0,8049.0,578.0,2601.0,3179.0,6870.0,4358.0,11228.0,3.53
621,MT,2010,1110195,2002.0,506.0,2508.0,113.0,717.0,830.0,2115.0,1223.0,3338.0,3.01
622,NB,2010,2009682,3454.0,364.0,3818.0,406.0,1082.0,1488.0,3860.0,1446.0,5306.0,2.64
623,NC,2010,10740272,25000.0,5707.0,30707.0,2940.0,6747.0,9687.0,27940.0,12454.0,40394.0,3.76
624,ND,2010,752573,1329.0,196.0,1525.0,148.0,344.0,492.0,1477.0,540.0,2017.0,2.68
625,NH,2010,1380396,2510.0,255.0,2765.0,212.0,606.0,818.0,2722.0,861.0,3583.0,2.6
626,NJ,2010,8941068,29073.0,3359.0,32432.0,2632.0,5708.0,8340.0,31705.0,9067.0,40772.0,4.56
627,NM,2010,2090695,4162.0,584.0,4746.0,457.0,1167.0,1624.0,4619.0,1751.0,6370.0,3.05
628,NV,2010,2926083,5626.0,1473.0,7099.0,614.0,2692.0,3306.0,6240.0,4165.0,10405.0,3.56
629,NY,2010,21545500,55561.0,7786.0,63347.0,8612.0,13950.0,22562.0,64173.0,21736.0,85909.0,3.99
630,OH,2010,14022130,25134.0,4244.0,29373.0,2719.0,6473.0,9192.0,27853.0,10717.0,38565.0,2.75
631,OK,2010,3981292,7695.0,1725.0,9420.0,594.0,2476.0,3070.0,8289.0,4201.0,12490.0,3.14
632,OR,2010,4009668,6531.0,1911.0,8442.0,675.0,2653.0,3328.0,7206.0,4564.0,11770.0,2.94
633,OT,2010,0,,,,,,,,,,
634,PA,2010,13447912,24919.0,1658.0,26577.0,2777.0,3130.0,5907.0,27696.0,4788.0,32484.0,2.42
635,PR,2010,0,0.0,0.0,,,,,,,,
636,RI,2010,1058992,2363.0,286.0,2649.0,184.0,344.0,528.0,2547.0,630.0,3177.0,3.0
637,SC,2010,4671586,11312.0,1612.0,12924.0,1401.0,2787.0,4188.0,12713.0,4399.0,17112.0,3.66
638,SD,2010,918599,1540.0,400.0,1940.0,106.0,544.0,650.0,1646.0,944.0,2590.0,2.82
639,TN,2010,6359488,15403.0,4584.0,19987.0,1599.0,5975.0,7574.0,17002.0,10559.0,27561.0,4.33
640,TX,2010,25457599,52769.0,16995.0,69762.0,6544.0,23093.0,29637.0,59313.0,40088.0,99399.0,3.9
641,UT,2010,2927799,4954.0,913.0,5867.0,400.0,1285.0,1685.0,5354.0,2198.0,7552.0,2.58
642,VA,2010,8044894,16984.0,1440.0,18424.0,2240.0,3737.0,5977.0,19224.0,5177.0,24401.0,3.03
643,VI,2010,0,300.0,35.0,335.0,169.0,100.0,269.0,469.0,135.0,604.0,
644,VT,2010,678889,1349.0,146.0,1495.0,118.0,305.0,423.0,1467.0,451.0,1918.0,2.83
645,WA,2010,8001250,11499.0,1727.0,13226.0,1206.0,3259.0,4465.0,12705.0,4986.0,17691.0,2.21
646,WI,2010,6168682,12557.0,2707.0,15258.0,1896.0,4085.0,5981.0,14453.0,6792.0,21239.0,3.44
647,WV,2010,2511368,4933.0,410.0,5343.0,139.0,740.0,879.0,5072.0,1150.0,6222.0,2.48
648,WY,2010,570473,1330.0,126.0,1456.0,109.0,443.0,552.0,1439.0,569.0,2008.0,3.52
649,AK,2011,726397,1218.0,239.0,1457.0,109.0,474.0,583.0,1327.0,713.0,2040.0,2.81
650,AL,2011,4950667,11241.0,2180.0,13421.0,834.0,3738.0,4572.0,12075.0,5918.0,17993.0,3.63
651,AR,2011,3133400,6208.0,1457.0,7665.0,541.0,2324.0,2865.0,6749.0,3781.0,10530.0,3.36
652,AS,2011,0,,,,,,,,,,
653,AZ,2011,6520940,11245.0,4340.0,15585.0,1330.0,5108.0,6438.0,12575.0,9448.0,22023.0,3.38
654,CA,2011,37928199,68630.0,13861.0,82491.0,10281.0,25719.0,36000.0,78911.0,39580.0,118491.0,3.12
655,CO,2011,5480305,11298.0,2292.0,13590.0,1660.0,4409.0,6069.0,12958.0,6701.0,19659.0,3.59
656,CT,2011,3672721,7595.0,821.0,8416.0,787.0,1081.0,1868.0,8382.0,1902.0,10284.0,2.8
657,CZ,2011,0,,,,,,,,,,
658,DC,2011,617996,3869.0,344.0,4213.0,1002.0,439.0,1441.0,4871.0,783.0,5654.0,9.15
659,DE,2011,923759,4142.0,664.0,4806.0,528.0,1039.0,1567.0,4670.0,1703.0,6373.0,6.9
660,FL,2011,19173658,39260.0,10026.0,49286.0,6635.0,17799.0,24434.0,45895.0,27825.0,73720.0,3.84
661,FS,2011,0,,,,,,,,,,
662,GA,2011,10121544,33609.0,6119.0,39728.0,6771.0,9979.0,16750.0,40380.0,16098.0,56478.0,5.58
663,GM,2011,0,0.0,0.0,,,,,,,,
664,HI,2011,1495625,3082.0,262.0,3056.0,299.0,615.0,914.0,3381.0,877.0,3970.0,2.65
665,IA,2011,3360752,5184.0,1053.0,6237.0,453.0,1774.0,2227.0,5637.0,2827.0,8464.0,2.52
666,ID,2011,1662947,2954.0,306.0,3260.0,202.0,1296.0,1498.0,3156.0,1602.0,4758.0,2.86
667,IL,2011,12995173,29868.0,6736.0,36604.0,5280.0,7202.0,12482.0,35148.0,13938.0,49086.0,3.78
668,IN,2011,6670393,11309.0,2920.0,14229.0,878.0,3288.0,4166.0,12187.0,6208.0,18395.0,2.76
669,KS,2011,3313209,7808.0,1607.0,9415.0,710.0,2474.0,3184.0,8518.0,4081.0,12599.0,3.8
670,KY,2011,4458245,8686.0,991.0,9677.0,658.0,1494.0,2152.0,9344.0,2485.0,11829.0,2.65
671,LA,2011,5064961,15655.0,1833.0,17488.0,3704.0,3865.0,7569.0,19359.0,5698.0,25057.0,4.95
672,MA,2011,6863985,15566.0,1478.0,17044.0,1415.0,2112.0,3527.0,16981.0,3590.0,20571.0,3.0
673,MD,2011,6006169,13762.0,2135.0,15897.0,2103.0,3101.0,5204.0,15865.0,5236.0,21101.0,3.51
674,ME,2011,1389431,2214.0,218.0,2432.0,138.0,360.0,498.0,2352.0,578.0,2930.0,2.11
675,MI,2011,10828896,18302.0,3398.0,21700.0,2684.0,3966.0,6650.0,20986.0,7364.0,28350.0,2.62
676,MN,2011,5631227,7984.0,1926.0,9910.0,1052.0,2783.0,3835.0,9036.0,4709.0,13745.0,2.44
677,MO,2011,6078408,14329.0,2795.0,17124.0,1472.0,4080.0,5552.0,15801.0,6875.0,22676.0,3.73
678,MP,2011,0,,,,,,,,,,
679,MS,2011,3389403,6559.0,1641.0,8200.0,634.0,2316.0,2950.0,7193.0,3957.0,11150.0,3.29
680,MT,2011,1069766,1929.0,484.0,2413.0,117.0,688.0,805.0,2046.0,1172.0,3218.0,3.01
681,NB,2011,1980598,3482.0,372.0,3853.0,400.0,1125.0,1525.0,3882.0,1497.0,5378.0,2.72
682,NC,2011,10283615,23720.0,5428.0,29148.0,2832.0,6191.0,9023.0,26552.0,11619.0,38171.0,3.71
683,ND,2011,766792,1332.0,176.0,1508.0,157.0,343.0,500.0,1489.0,519.0,2008.0,2.62
684,NH,2011,1431734,2583.0,249.0,2832.0,233.0,635.0,868.0,2816.0,884.0,3700.0,2.58
685,NJ,2011,8940213,27359.0,3379.0,30738.0,2517.0,5231.0,7748.0,29876.0,8610.0,38486.0,4.3
686,NM,2011,2123164,4250.0,611.0,4861.0,457.0,1153.0,1610.0,4707.0,1764.0,6471.0,3.05
687,NV,2011,3012563,5302.0,1343.0,6645.0,590.0,2540.0,3130.0,5892.0,3883.0,9775.0,3.24
688,NY,2011,21558169,55040.0,7626.0,62666.0,8450.0,13614.0,22064.0,63490.0,21240.0,84730.0,3.93
689,OH,2011,13874490,24938.0,4507.0,29444.0,2691.0,6212.0,8903.0,27629.0,10719.0,38347.0,2.76
690,OK,2011,4558985,8318.0,2175.0,10493.0,631.0,2837.0,3468.0,8949.0,5012.0,13961.0,3.06
691,OR,2011,4075981,11472.0,4017.0,15489.0,11680.0,5668.0,17348.0,23152.0,9685.0,32837.0,8.06
692,OT,2011,0,,,,,,,,,,
693,PA,2011,13371283,24926.0,2158.0,27084.0,2774.0,3656.0,6430.0,27700.0,5814.0,33514.0,2.51
694,PR,2011,0,13668.0,267.0,13935.0,3616.0,724.0,4340.0,17284.0,991.0,18275.0,
695,RI,2011,1057719,2315.0,264.0,2579.0,184.0,341.0,525.0,2499.0,605.0,3104.0,2.93
696,SC,2011,4730938,12511.0,1722.0,14233.0,1500.0,2912.0,4412.0,14011.0,4634.0,18645.0,3.94
697,SD,2011,862783,1469.0,560.0,2029.0,104.0,731.0,835.0,1573.0,1291.0,2864.0,3.32
698,TN,2011,6438708,15597.0,4628.0,20225.0,1562.0,5969.0,7531.0,17159.0,10597.0,27756.0,4.31
699,TX,2011,25986310,49925.0,15017.0,64940.0,6333.0,19745.0,26078.0,56258.0,34762.0,91018.0,3.5
700,UT,2011,3009698,5915.0,997.0,6912.0,407.0,1547.0,1954.0,6322.0,2544.0,8866.0,2.95
701,VA,2011,8182503,17217.0,1459.0,18676.0,2264.0,3827.0,6091.0,19481.0,5286.0,24767.0,3.03
702,VI,2011,0,283.0,35.0,318.0,164.0,157.0,321.0,447.0,192.0,639.0,
703,VT,2011,715401,1294.0,139.0,1433.0,128.0,283.0,411.0,1422.0,422.0,1844.0,2.58
704,WA,2011,9111785,12389.0,1774.0,14163.0,1356.0,3445.0,4801.0,13745.0,5219.0,18964.0,2.08
705,WI,2011,6082100,11991.0,3013.0,14998.0,1895.0,4317.0,6212.0,13886.0,7330.0,21210.0,3.49
706,WV,2011,2508635,4286.0,444.0,4730.0,145.0,789.0,934.0,4431.0,1233.0,5664.0,2.26
707,WY,2011,588027,1450.0,158.0,1608.0,136.0,538.0,674.0,1586.0,696.0,2282.0,3.88
708,AK,2012,735666,1224.0,237.0,1461.0,109.0,455.0,564.0,1333.0,692.0,2025.0,2.75
709,AL,2012,5190846,11171.0,2420.0,13591.0,856.0,3830.0,4686.0,12027.0,6250.0,18277.0,3.52
710,AR,2012,3353356,6573.0,1490.0,8063.0,565.0,2448.0,3013.0,7138.0,3938.0,11076.0,3.3
711,AS,2012,0,,,,,,,,,,
712,AZ,2012,6681678,11962.0,4623.0,16585.0,1429.0,5553.0,6982.0,13391.0,10176.0,23567.0,3.53
713,CA,2012,38206191,67785.0,14821.0,82606.0,10308.0,25720.0,36028.0,78093.0,40541.0,118634.0,3.11
714,CO,2012,5498748,11344.0,2112.0,13456.0,1680.0,3969.0,5649.0,13024.0,6081.0,19105.0,3.47
715,CT,2012,3702874,7715.0,748.0,8463.0,810.0,1058.0,1868.0,8525.0,1806.0,10331.0,2.79
716,CZ,2012,0,,,,,,,,,,
717,DC,2012,632323,3921.0,349.0,4270.0,1015.0,426.0,1441.0,4936.0,775.0,5711.0,9.03
718,DE,2012,935504,2082.0,319.0,2401.0,354.0,600.0,954.0,2436.0,919.0,3355.0,3.59
719,FL,2012,19434305,41169.0,10852.0,52021.0,6718.0,17777.0,24495.0,47887.0,28629.0,76516.0,3.94
720,FS,2012,0,,,,,,,,,,
721,GA,2012,10078833,32916.0,5516.0,38432.0,6640.0,9569.0,16209.0,39556.0,15085.0,54641.0,5.42
722,GM,2012,0,0.0,0.0,,,,,,,,
723,HI,2012,1514307,3073.0,268.0,3053.0,290.0,614.0,904.0,3363.0,882.0,3957.0,2.61
724,IA,2012,3542549,5373.0,1268.0,6641.0,398.0,1971.0,2369.0,5771.0,3239.0,9010.0,2.54
725,ID,2012,1670163,2947.0,336.0,3283.0,183.0,1300.0,1483.0,3130.0,1636.0,4766.0,2.85
726,IL,2012,13076273,29680.0,7257.0,36937.0,5136.0,7158.0,12294.0,34816.0,14415.0,49231.0,3.76
727,IN,2012,7073312,11465.0,2593.0,14058.0,917.0,3216.0,4133.0,12382.0,5809.0,18191.0,2.57
728,KS,2012,3359603,7885.0,1489.0,9374.0,768.0,2409.0,3177.0,8653.0,3898.0,12551.0,3.74
729,KY,2012,4560013,8880.0,990.0,9870.0,661.0,1571.0,2232.0,9541.0,2561.0,12102.0,2.65
730,LA,2012,4967668,14997.0,1866.0,16863.0,3570.0,3707.0,7277.0,18567.0,5573.0,24140.0,4.86
731,MA,2012,6891374,15741.0,1393.0,17134.0,1430.0,2021.0,3451.0,17171.0,3414.0,20585.0,2.99
732,MD,2012,6068859,15276.0,2250.0,17525.0,2231.0,3313.0,5544.0,17507.0,5563.0,23069.0,3.8
733,ME,2012,1379584,2165.0,225.0,2390.0,148.0,362.0,510.0,2313.0,587.0,2900.0,2.1
734,MI,2012,10853176,17888.0,3637.0,21525.0,2556.0,3987.0,6543.0,20444.0,7624.0,28068.0,2.59
735,MN,2012,5592783,7955.0,1979.0,9934.0,1057.0,2733.0,3790.0,9012.0,4712.0,13724.0,2.45
736,MO,2012,6128494,14079.0,2898.0,16977.0,1458.0,4001.0,5459.0,15537.0,6899.0,22436.0,3.66
737,MP,2012,0,,,,,,,,,,
738,MS,2012,3507803,6331.0,1689.0,8020.0,619.0,2240.0,2859.0,6950.0,3929.0,10879.0,3.1
739,MT,2012,1077415,1891.0,373.0,2264.0,122.0,608.0,730.0,2013.0,981.0,2994.0,2.78
740,NB,2012,1996039,3408.0,427.0,3835.0,388.0,1041.0,1429.0,3796.0,1468.0,5264.0,2.64
741,NC,2012,9976074,22809.0,5555.0,28364.0,2768.0,6029.0,8797.0,25577.0,11584.0,37161.0,3.73
742,ND,2012,735360,1349.0,174.0,1523.0,152.0,350.0,502.0,1501.0,524.0,2025.0,2.75
743,NH,2012,1408545,2536.0,231.0,2767.0,225.0,616.0,841.0,2761.0,847.0,3608.0,2.56
744,NJ,2012,9052721,27636.0,3501.0,31137.0,2713.0,5765.0,8478.0,30349.0,9266.0,39615.0,4.38
745,NM,2012,2319190,4564.0,662.0,5226.0,504.0,1247.0,1751.0,5068.0,1909.0,6977.0,3.01
746,NV,2012,2765739,5172.0,1347.0,6519.0,541.0,2429.0,2970.0,5713.0,3776.0,9489.0,3.43
747,NY,2012,21928653,56041.0,7436.0,63476.0,8471.0,13451.0,21922.0,64512.0,20887.0,85398.0,3.89
748,OH,2012,14537927,24728.0,4489.0,29215.0,2569.0,6341.0,8910.0,27297.0,10830.0,38125.0,2.62
749,OK,2012,4392062,8320.0,2283.0,10603.0,639.0,2755.0,3394.0,8959.0,5038.0,13997.0,3.19
750,OR,2012,4051669,6457.0,1880.0,8337.0,644.0,2499.0,3143.0,7101.0,4379.0,11480.0,2.83
751,OT,2012,0,,,,,,,,,,
752,PA,2012,13537083,24230.0,1923.0,26153.0,2667.0,3160.0,5827.0,26897.0,5083.0,31980.0,2.36
753,PR,2012,0,13044.0,241.0,13285.0,3412.0,631.0,4043.0,16456.0,872.0,17328.0,
754,RI,2012,1075009,2320.0,263.0,2583.0,177.0,343.0,520.0,2497.0,606.0,3103.0,2.89
755,SC,2012,4780421,11513.0,2426.0,13939.0,1395.0,3326.0,4721.0,12908.0,5752.0,18660.0,3.9
756,SD,2012,873357,1529.0,508.0,2037.0,109.0,683.0,792.0,1638.0,1191.0,2829.0,3.24
757,TN,2012,6489696,15814.0,4795.0,20609.0,1613.0,5985.0,7598.0,17427.0,10780.0,28207.0,4.35
758,TX,2012,26463051,48820.0,15285.0,64103.0,6210.0,18941.0,25151.0,55030.0,34226.0,89254.0,3.37
759,UT,2012,3122613,4715.0,894.0,5609.0,366.0,1237.0,1603.0,5081.0,2131.0,7212.0,2.31
760,VA,2012,8207785,17137.0,1458.0,18595.0,2263.0,3803.0,6066.0,19400.0,5261.0,24661.0,3.0
761,VI,2012,0,271.0,33.0,304.0,176.0,139.0,315.0,447.0,172.0,619.0,
762,VT,2012,667621,1273.0,211.0,1484.0,148.0,365.0,513.0,1421.0,576.0,1997.0,2.99
763,WA,2012,8090669,10649.0,1771.0,12420.0,1070.0,2881.0,3951.0,11719.0,4652.0,16371.0,2.02
764,WI,2012,6021759,11436.0,2565.0,13995.0,1741.0,3670.0,5411.0,13177.0,6235.0,19406.0,3.22
765,WV,2012,2101925,3766.0,372.0,4138.0,143.0,645.0,788.0,3909.0,1017.0,4926.0,2.34
766,WY,2012,585760,1379.0,163.0,1542.0,115.0,461.0,576.0,1494.0,624.0,2118.0,3.62
767,AK,2013,739005,1248.0,191.0,1439.0,113.0,443.0,556.0,1361.0,634.0,1995.0,2.7
768,AL,2013,5363659,11686.0,2326.0,14012.0,846.0,3908.0,4754.0,12532.0,6234.0,18766.0,3.5
769,AR,2013,3171490,6473.0,1511.0,7984.0,535.0,2421.0,2956.0,7008.0,3932.0,10940.0,3.45
770,AS,2013,0,,,,,,,,,,
771,AZ,2013,6777259,11150.0,4502.0,15652.0,1306.0,5077.0,6383.0,12456.0,9579.0,22035.0,3.25
772,CA,2013,38498377,67770.0,14940.0,82710.0,10159.0,25815.0,35974.0,77929.0,40755.0,118684.0,3.08
773,CO,2013,5460630,11312.0,1894.0,13206.0,1811.0,3781.0,5592.0,13123.0,5675.0,18798.0,3.44
774,CT,2013,3687931,7741.0,779.0,8520.0,803.0,1056.0,1859.0,8544.0,1835.0,10379.0,2.81
775,CZ,2013,0,,,,,,,,,,
776,DC,2013,646449,4112.0,268.0,4380.0,1088.0,332.0,1420.0,5200.0,600.0,5800.0,8.97
777,DE,2013,949243,2311.0,327.0,2638.0,420.0,697.0,1117.0,2731.0,1024.0,3755.0,3.96
778,FL,2013,19672665,41437.0,10285.0,51722.0,6669.0,17924.0,24593.0,48106.0,28209.0,76315.0,3.88
779,FS,2013,0,,,,,,,,,,
780,GA,2013,10552837,32508.0,5734.0,38242.0,6470.0,9748.0,16218.0,38978.0,15482.0,54460.0,5.16
781,GM,2013,0,0.0,0.0,,,,,,,,
782,HI,2013,2580908,4914.0,464.0,5090.0,491.0,939.0,1430.0,5405.0,1403.0,6520.0,2.53
783,IA,2013,3505211,5326.0,1162.0,6488.0,428.0,1866.0,2294.0,5754.0,3028.0,8782.0,2.51
784,ID,2013,1685521,2870.0,320.0,3190.0,185.0,1346.0,1531.0,3055.0,1666.0,4721.0,2.8
785,IL,2013,13054780,29966.0,4019.0,33985.0,4294.0,6201.0,10495.0,34260.0,10220.0,44480.0,3.41
786,IN,2013,7078258,11364.0,2654.0,14018.0,868.0,3120.0,3988.0,12232.0,5774.0,18006.0,2.54
787,KS,2013,3419303,7955.0,1467.0,9422.0,752.0,2314.0,3066.0,8707.0,3781.0,12488.0,3.65
788,KY,2013,4436400,8712.0,894.0,9606.0,654.0,1451.0,2105.0,9366.0,2345.0,11711.0,2.64
789,LA,2013,4784006,14027.0,1543.0,15570.0,3305.0,3107.0,6412.0,17332.0,4650.0,21982.0,4.59
790,MA,2013,6900982,15533.0,1451.0,16984.0,1421.0,2030.0,3451.0,16954.0,3481.0,20435.0,2.96
791,MD,2013,7454043,19060.0,2887.0,21947.0,2760.0,3929.0,6689.0,21820.0,6816.0,28636.0,3.84
792,ME,2013,1376659,2150.0,226.0,2376.0,149.0,356.0,505.0,2299.0,582.0,2881.0,2.09
793,MI,2013,11394005,18417.0,3805.0,22222.0,2673.0,3968.0,6641.0,21090.0,7773.0,28863.0,2.53
794,MN,2013,5661207,7861.0,2004.0,9865.0,1052.0,2625.0,3677.0,8913.0,4629.0,13542.0,2.39
795,MO,2013,6121792,14444.0,2813.0,17257.0,1456.0,4108.0,5564.0,15900.0,6921.0,22821.0,3.73
796,MP,2013,0,,,,,,,,,,
797,MS,2013,3628346,6841.0,1774.0,8615.0,630.0,2501.0,3131.0,7471.0,4275.0,11746.0,3.24
798,MT,2013,1158467,1848.0,369.0,2217.0,130.0,689.0,819.0,1978.0,1058.0,3036.0,2.62
799,NB,2013,2068191,3493.0,449.0,3942.0,395.0,1157.0,1552.0,3888.0,1606.0,5494.0,2.66
800,NC,2013,10447399,23403.0,5581.0,28984.0,2826.0,6006.0,8832.0,26229.0,11587.0,37816.0,3.62
801,ND,2013,772646,1384.0,169.0,1553.0,169.0,353.0,522.0,1553.0,522.0,2075.0,2.69
802,NH,2013,1442669,2563.0,249.0,2812.0,225.0,622.0,847.0,2788.0,871.0,3659.0,2.54
803,NJ,2013,9093430,26871.0,3562.0,30433.0,2560.0,5396.0,7956.0,29431.0,8958.0,38389.0,4.22
804,NM,2013,2292472,3997.0,691.0,4688.0,336.0,1315.0,1651.0,4333.0,2006.0,6339.0,2.77
805,NV,2013,2801547,5284.0,1324.0,6608.0,555.0,2249.0,2804.0,5839.0,3573.0,9412.0,3.36
806,NY,2013,21978933,55731.0,7515.0,63246.0,8456.0,13445.0,21901.0,64187.0,20960.0,85147.0,3.87
807,OH,2013,14174704,24824.0,4332.0,29154.0,2515.0,6140.0,8655.0,27339.0,10472.0,37809.0,2.67
808,OK,2013,4169959,7645.0,2096.0,9741.0,653.0,2481.0,3134.0,8298.0,4577.0,12875.0,3.09
809,OR,2013,4760620,7178.0,2211.0,9389.0,715.0,2988.0,3703.0,7893.0,5199.0,13092.0,2.75
810,OT,2013,0,,,,,,,,,,
811,PA,2013,13665355,24043.0,1861.0,25904.0,2641.0,3209.0,5850.0,26684.0,5070.0,31754.0,2.32
812,PR,2013,0,11553.0,186.0,11739.0,3076.0,519.0,3595.0,14629.0,705.0,15334.0,
813,RI,2013,1058087,2258.0,277.0,2535.0,185.0,349.0,534.0,2443.0,626.0,3069.0,2.9
814,SC,2013,4955909,13537.0,1667.0,15204.0,1655.0,2875.0,4530.0,15192.0,4542.0,19734.0,3.98
815,SD,2013,905027,1489.0,495.0,1984.0,101.0,635.0,736.0,1590.0,1130.0,2720.0,3.01
816,TN,2013,6647278,16163.0,4953.0,21116.0,1675.0,6071.0,7746.0,17838.0,11024.0,28862.0,4.34
817,TX,2013,26964954,52907.0,17949.0,70854.0,6416.0,24872.0,31288.0,59323.0,42821.0,102142.0,3.79
818,UT,2013,3141027,4359.0,768.0,5127.0,349.0,1148.0,1497.0,4708.0,1916.0,6624.0,2.11
819,VA,2013,8269450,17240.0,1388.0,18628.0,2265.0,3795.0,6060.0,19505.0,5183.0,24688.0,2.99
820,VI,2013,0,258.0,30.0,288.0,142.0,132.0,274.0,400.0,162.0,562.0,
821,VT,2013,754905,1505.0,192.0,1697.0,161.0,363.0,524.0,1666.0,555.0,2221.0,2.94
822,WA,2013,7723160,10242.0,1670.0,11912.0,1047.0,2845.0,3892.0,11289.0,4515.0,15804.0,2.05
823,WI,2013,5948936,11147.0,2251.0,13392.0,1716.0,3365.0,5081.0,12863.0,5616.0,18473.0,3.11
824,WV,2013,2132339,3843.0,380.0,4223.0,141.0,655.0,796.0,3984.0,1035.0,5019.0,2.35
825,WY,2013,591721,1468.0,197.0,1665.0,192.0,514.0,706.0,1660.0,711.0,2371.0,4.01
826,AK,2014,740644,1209.0,236.0,1445.0,116.0,459.0,575.0,1325.0,695.0,2020.0,2.73
827,AL,2014,5486497,12052.0,2251.0,14303.0,960.0,3944.0,4904.0,13012.0,6195.0,19207.0,3.5
828,AR,2014,3119997,6276.0,1610.0,7886.0,549.0,2284.0,2833.0,6825.0,3894.0,10719.0,3.44
829,AS,2014,0,,,,,,,,,,
830,AZ,2014,6767669,11441.0,4821.0,16262.0,1338.0,5441.0,6779.0,12779.0,10262.0,23041.0,3.4
831,CA,2014,38970399,68250.0,15363.0,83613.0,10193.0,26292.0,36485.0,78443.0,41655.0,120098.0,3.08
832,CO,2014,5630858,11156.0,2493.0,13649.0,2026.0,3602.0,5628.0,13182.0,6095.0,19277.0,3.42
833,CT,2014,3772833,7966.0,759.0,8725.0,838.0,1076.0,1914.0,8804.0,1835.0,10639.0,2.82
834,CZ,2014,0,,,,,,,,,,
835,DC,2014,658893,4085.0,291.0,4376.0,1071.0,338.0,1409.0,5156.0,629.0,5785.0,8.78
836,DE,2014,958690,2671.0,670.0,3341.0,306.0,818.0,1124.0,2977.0,1488.0,4465.0,4.66
837,FL,2014,20007473,39512.0,10909.0,50421.0,6409.0,18322.0,24731.0,45921.0,29231.0,75152.0,3.76
838,FS,2014,0,,,,,,,,,,
839,GA,2014,10503162,32240.0,5935.0,38175.0,6483.0,9598.0,16081.0,38723.0,15533.0,54256.0,5.17
840,GM,2014,0,0.0,0.0,,,,,,,,
841,HI,2014,2608100,5178.0,373.0,5263.0,477.0,1039.0,1516.0,5655.0,1412.0,6779.0,2.6
842,IA,2014,3670976,5400.0,1211.0,6611.0,412.0,1997.0,2409.0,5812.0,3208.0,9020.0,2.46
843,ID,2014,1692343,2874.0,353.0,3227.0,197.0,1282.0,1479.0,3071.0,1635.0,4706.0,2.78
844,IL,2014,13023192,29622.0,6597.0,36219.0,4958.0,6919.0,11877.0,34580.0,13516.0,48096.0,3.69
845,IN,2014,6835443,11111.0,2513.0,13624.0,861.0,2960.0,3821.0,11972.0,5473.0,17445.0,2.55
846,KS,2014,3766467,8887.0,1965.0,10852.0,983.0,2973.0,3956.0,9870.0,4938.0,14808.0,3.93
847,KY,2014,4517111,9104.0,1109.0,10213.0,707.0,1659.0,2366.0,9811.0,2768.0,12579.0,2.78
848,LA,2014,4975083,14581.0,2146.0,16727.0,3717.0,3526.0,7243.0,18298.0,5672.0,23970.0,4.82
849,MA,2014,7098473,16115.0,1484.0,17599.0,1466.0,2149.0,3615.0,17581.0,3633.0,21214.0,2.99
850,MD,2014,6995931,15697.0,2146.0,17843.0,2447.0,3174.0,5621.0,18144.0,5320.0,23464.0,3.35
851,ME,2014,1376141,2179.0,212.0,2391.0,153.0,329.0,482.0,2332.0,541.0,2873.0,2.09
852,MI,2014,10699502,17713.0,3498.0,21211.0,2482.0,3815.0,6297.0,20195.0,7313.0,27508.0,2.57
853,MN,2014,5688135,8404.0,2206.0,10610.0,1082.0,2805.0,3887.0,9486.0,5011.0,14497.0,2.55
854,MO,2014,6165592,14542.0,2933.0,17475.0,1481.0,4151.0,5632.0,16023.0,7084.0,23107.0,3.75
855,MP,2014,0,,,,,,,,,,
856,MS,2014,3367239,6068.0,1651.0,7719.0,553.0,2213.0,2766.0,6621.0,3864.0,10485.0,3.11
857,MT,2014,1128742,1897.0,456.0,2353.0,127.0,701.0,828.0,2024.0,1157.0,3181.0,2.82
858,NB,2014,2182247,3809.0,540.0,4349.0,457.0,1158.0,1615.0,4266.0,1698.0,5964.0,2.73
859,NC,2014,10646776,23945.0,5656.0,29601.0,2950.0,6139.0,9089.0,26895.0,11795.0,38690.0,3.63
860,ND,2014,838040,1555.0,228.0,1783.0,174.0,378.0,552.0,1729.0,606.0,2335.0,2.79
861,NH,2014,1391709,2530.0,272.0,2802.0,234.0,601.0,835.0,2764.0,873.0,3637.0,2.61
862,NJ,2014,9134732,27989.0,3676.0,31665.0,2744.0,5687.0,8431.0,30733.0,9363.0,40096.0,4.39
863,NM,2014,2109977,4064.0,723.0,4787.0,433.0,1165.0,1598.0,4497.0,1888.0,6385.0,3.03
864,NV,2014,2845845,5028.0,1298.0,6326.0,518.0,2182.0,2700.0,5546.0,3480.0,9026.0,3.17
865,NY,2014,21799396,54625.0,7522.0,62147.0,8302.0,13384.0,21686.0,62927.0,20906.0,83833.0,3.85
866,OH,2014,13864130,23953.0,4438.0,28389.0,2536.0,6148.0,8684.0,26489.0,10586.0,37073.0,2.67
867,OK,2014,4023386,7671.0,2036.0,9707.0,609.0,2463.0,3072.0,8280.0,4499.0,12779.0,3.18
868,OR,2014,4270314,8352.0,2570.0,10922.0,846.0,3703.0,4549.0,9198.0,6273.0,15471.0,3.62
869,OT,2014,0,,,,,,,,,,
870,PA,2014,13560937,24293.0,1983.0,26276.0,2654.0,3210.0,5864.0,26947.0,5193.0,32140.0,2.37
871,PR,2014,0,11408.0,228.0,11636.0,3125.0,543.0,3668.0,14533.0,771.0,15304.0,
872,RI,2014,1061770,2312.0,265.0,2577.0,194.0,368.0,562.0,2506.0,633.0,3139.0,2.96
873,SC,2014,5144856,12141.0,1554.0,13695.0,1516.0,2681.0,4197.0,13657.0,4235.0,17892.0,3.48
874,SD,2014,892996,1589.0,548.0,2137.0,112.0,699.0,811.0,1701.0,1247.0,2948.0,3.3
875,TN,2014,6565813,16166.0,4771.0,20937.0,1618.0,6092.0,7710.0,17784.0,10863.0,28647.0,4.36
876,TX,2014,27240637,50971.0,15349.0,66318.0,6308.0,21104.0,27412.0,57279.0,36453.0,93730.0,3.44
877,UT,2014,3225621,4815.0,971.0,5786.0,350.0,1230.0,1580.0,5165.0,2201.0,7366.0,2.28
878,VA,2014,8353672,17512.0,1469.0,18981.0,2403.0,3816.0,6219.0,19915.0,5285.0,25200.0,3.02
879,VI,2014,0,250.0,26.0,276.0,157.0,86.0,243.0,407.0,112.0,519.0,
880,VT,2014,764827,1497.0,138.0,1635.0,137.0,281.0,418.0,1634.0,419.0,2053.0,2.68
881,WA,2014,7796184,10383.0,1672.0,12055.0,1053.0,2831.0,3884.0,11436.0,4503.0,15939.0,2.04
882,WI,2014,5974186,11415.0,2249.0,13658.0,1741.0,3297.0,5038.0,13156.0,5546.0,18696.0,3.13
883,WV,2014,2550526,3857.0,516.0,4373.0,151.0,690.0,841.0,4008.0,1206.0,5214.0,2.04
884,WY,2014,595013,1437.0,249.0,1686.0,149.0,568.0,717.0,1586.0,817.0,2403.0,4.04
885,AK,2015,743350,1200.0,235.0,1435.0,116.0,456.0,572.0,1316.0,691.0,2007.0,2.7
886,AL,2015,5295404,11616.0,2298.0,13914.0,905.0,3908.0,4813.0,12521.0,6206.0,18727.0,3.54
887,AR,2015,3131415,6310.0,1593.0,7903.0,544.0,2452.0,2996.0,6854.0,4045.0,10899.0,3.48
888,AS,2015,0,,,,,,,,,,
889,AZ,2015,6885540,11826.0,4774.0,16600.0,1420.0,5411.0,6831.0,13246.0,10185.0,23431.0,3.4
890,CA,2015,39469712,68706.0,15295.0,84001.0,10167.0,26162.0,36329.0,78873.0,41457.0,120330.0,3.05
891,CO,2015,5831521,11814.0,2410.0,14224.0,1701.0,4206.0,5907.0,13515.0,6616.0,20131.0,3.45
892,CT,2015,3703110,7199.0,738.0,7937.0,782.0,1051.0,1833.0,7981.0,1789.0,9770.0,2.64
893,CZ,2015,0,,,,,,,,,,
894,DC,2015,672228,3938.0,442.0,4380.0,947.0,418.0,1365.0,4885.0,860.0,5745.0,8.55
895,DE,2015,962461,2550.0,524.0,3074.0,297.0,801.0,1098.0,2847.0,1325.0,4172.0,4.33
896,FL,2015,20388277,42193.0,9820.0,52013.0,6937.0,17711.0,24648.0,49130.0,27531.0,76661.0,3.76
897,FS,2015,0,,,,,,,,,,
898,GA,2015,10812277,32796.0,5843.0,38639.0,6586.0,9761.0,16347.0,39382.0,15604.0,54986.0,5.09
899,GM,2015,0,0.0,0.0,,,,,,,,
900,HI,2015,1556738,3066.0,300.0,3078.0,294.0,630.0,924.0,3360.0,930.0,4002.0,2.57
901,IA,2015,3755941,5548.0,1279.0,6827.0,451.0,2088.0,2539.0,5999.0,3367.0,9366.0,2.49
902,ID,2015,1732511,2951.0,370.0,3321.0,225.0,1365.0,1590.0,3176.0,1735.0,4911.0,2.83
903,IL,2015,13117464,30941.0,6945.0,37886.0,4945.0,7392.0,12337.0,35886.0,14337.0,50223.0,3.83
904,IN,2015,7120157,11624.0,2647.0,14271.0,910.0,2947.0,3857.0,12534.0,5594.0,18128.0,2.55
905,KS,2015,3493349,8097.0,1819.0,9916.0,812.0,2606.0,3418.0,8909.0,4425.0,13334.0,3.82
906,KY,2015,4558115,10447.0,1223.0,11670.0,870.0,1764.0,2634.0,11317.0,2987.0,14304.0,3.14
907,LA,2015,4841777,14244.0,2393.0,16637.0,3456.0,3984.0,7440.0,17700.0,6377.0,24077.0,4.97
908,MA,2015,7085175,16298.0,1573.0,17871.0,1505.0,2248.0,3753.0,17803.0,3821.0,21624.0,3.05
909,MD,2015,7594836,17947.0,2513.0,20460.0,2690.0,3810.0,6500.0,20637.0,6323.0,26960.0,3.55
910,ME,2015,1376223,2224.0,215.0,2439.0,153.0,353.0,506.0,2377.0,568.0,2945.0,2.14
911,MI,2015,10557596,17501.0,3404.0,20905.0,2508.0,3680.0,6188.0,20009.0,7084.0,27093.0,2.57
912,MN,2015,5723173,8727.0,2242.0,10969.0,1148.0,2772.0,3920.0,9875.0,5014.0,14889.0,2.6
913,MO,2015,6196833,14742.0,2908.0,17650.0,1544.0,4111.0,5655.0,16286.0,7019.0,23305.0,3.76
914,MP,2015,0,,,,,,,,,,
915,MS,2015,3390043,6323.0,1539.0,7862.0,604.0,2280.0,2884.0,6927.0,3819.0,10746.0,3.17
916,MT,2015,1157689,1975.0,667.0,2642.0,135.0,785.0,920.0,2110.0,1452.0,3562.0,3.08
917,NB,2015,2116117,3782.0,514.0,4296.0,442.0,1159.0,1601.0,4224.0,1673.0,5897.0,2.79
918,NC,2015,11015159,24826.0,5804.0,30630.0,3060.0,6573.0,9633.0,27886.0,12377.0,40263.0,3.66
919,ND,2015,795284,1600.0,261.0,1861.0,199.0,397.0,596.0,1799.0,658.0,2457.0,3.09
920,NH,2015,1374133,2531.0,271.0,2802.0,239.0,600.0,839.0,2770.0,871.0,3641.0,2.65
921,NJ,2015,9310977,33986.0,4778.0,38764.0,3229.0,6819.0,10048.0,37215.0,11597.0,48812.0,5.24
922,NM,2015,2151227,4368.0,752.0,5120.0,486.0,1251.0,1737.0,4854.0,2003.0,6857.0,3.19
923,NV,2015,2897487,5707.0,758.0,6465.0,705.0,2089.0,2794.0,6412.0,2847.0,9259.0,3.2
924,NY,2015,21811666,55464.0,7515.0,62979.0,8678.0,13323.0,22001.0,64142.0,20838.0,84980.0,3.9
925,OH,2015,14137838,26169.0,4432.0,30599.0,2845.0,6375.0,9220.0,29014.0,10807.0,39819.0,2.82
926,OK,2015,4319343,8372.0,2067.0,10439.0,647.0,2644.0,3291.0,9019.0,4711.0,13730.0,3.18
927,OR,2015,8727050,12437.0,3271.0,15708.0,1449.0,4400.0,5849.0,13886.0,7671.0,21557.0,2.47
928,OT,2015,0,,,,,,,,,,
929,PA,2015,13631853,24357.0,2072.0,26429.0,2648.0,3261.0,5909.0,27005.0,5333.0,32338.0,2.37
930,PR,2015,0,11140.0,231.0,11371.0,3088.0,538.0,3626.0,14228.0,769.0,14997.0,
931,RI,2015,1062954,2267.0,264.0,2531.0,183.0,364.0,547.0,2450.0,628.0,3078.0,2.9
932,SC,2015,5151240,12133.0,2014.0,14147.0,1514.0,3059.0,4573.0,13647.0,5073.0,18720.0,3.63
933,SD,2015,923323,1736.0,573.0,2309.0,121.0,736.0,857.0,1857.0,1309.0,3166.0,3.43
934,TN,2015,6663647,16468.0,5299.0,21767.0,1598.0,5764.0,7362.0,18066.0,11063.0,29129.0,4.37
935,TX,2015,27801749,50571.0,14993.0,65562.0,6614.0,19861.0,26475.0,57185.0,34854.0,92037.0,3.31
936,UT,2015,3252811,4737.0,995.0,5732.0,335.0,1323.0,1658.0,5072.0,2318.0,7390.0,2.27
937,VA,2015,8396653,17325.0,1621.0,18946.0,2286.0,3788.0,6074.0,19611.0,5409.0,25020.0,2.98
938,VI,2015,0,360.0,44.0,404.0,213.0,143.0,356.0,573.0,187.0,760.0,
939,VT,2015,652392,1178.0,125.0,1295.0,123.0,213.0,336.0,1301.0,338.0,1631.0,2.5
940,WA,2015,7865318,10331.0,1711.0,12042.0,1054.0,2838.0,3892.0,11385.0,4549.0,15934.0,2.03
941,WI,2015,5923676,11254.0,2438.0,13686.0,1760.0,3298.0,5058.0,13014.0,5736.0,18744.0,3.16
942,WV,2015,2329806,4387.0,319.0,4706.0,273.0,732.0,1005.0,4660.0,1051.0,5711.0,2.45
943,WY,2015,598304,1407.0,275.0,1682.0,142.0,519.0,661.0,1549.0,794.0,2343.0,3.92
944,AK,2016,747188,1156.0,256.0,1412.0,113.0,472.0,585.0,1269.0,728.0,1997.0,2.67
945,AL,2016,5145855,11445.0,2244.0,13689.0,881.0,3772.0,4653.0,12326.0,6016.0,18342.0,3.56
946,AR,2016,3064998,6283.0,1602.0,7885.0,589.0,2335.0,2924.0,6872.0,3937.0,10809.0,3.53
947,AS,2016,0,,,,,,,,,,
948,AZ,2016,7090429,11735.0,4842.0,16577.0,1375.0,5675.0,7050.0,13110.0,10517.0,23627.0,3.33
949,CA,2016,39454294,68699.0,15601.0,84300.0,10306.0,26174.0,36480.0,79005.0,41775.0,120780.0,3.06
950,CO,2016,5915026,11785.0,2483.0,14268.0,1762.0,4331.0,6093.0,13547.0,6814.0,20361.0,3.44
951,CT,2016,3837385,7442.0,652.0,8094.0,830.0,920.0,1750.0,8272.0,1572.0,9844.0,2.57
952,CZ,2016,0,,,,,,,,,,
953,DC,2016,681170,3875.0,368.0,4243.0,920.0,424.0,1344.0,4795.0,792.0,5587.0,8.2
954,DE,2016,972572,2706.0,604.0,3310.0,325.0,1052.0,1377.0,3031.0,1656.0,4687.0,4.82
955,FL,2016,20750677,42062.0,11806.0,53868.0,7426.0,19612.0,27038.0,49488.0,31418.0,80906.0,3.9
956,FS,2016,0,,,,,,,,,,
957,GA,2016,10662998,32482.0,5813.0,38295.0,6670.0,9555.0,16225.0,39152.0,15368.0,54520.0,5.11
958,GM,2016,0,0.0,0.0,,,,,,,,
959,HI,2016,1428557,2690.0,245.0,2935.0,305.0,539.0,844.0,2995.0,784.0,3779.0,2.65
960,IA,2016,3622675,5426.0,1301.0,6727.0,455.0,2021.0,2476.0,5881.0,3322.0,9203.0,2.54
961,ID,2016,1743721,2990.0,330.0,3320.0,224.0,1388.0,1612.0,3214.0,1718.0,4932.0,2.83
962,IL,2016,12985528,29537.0,6561.0,36098.0,4899.0,6907.0,11806.0,34436.0,13468.0,47904.0,3.69
963,IN,2016,7690500,12100.0,2766.0,14866.0,942.0,3055.0,3997.0,13042.0,5821.0,18863.0,2.45
964,KS,2016,3460077,8139.0,1439.0,9578.0,828.0,2390.0,3218.0,8967.0,3829.0,12796.0,3.7
965,KY,2016,4516590,8659.0,1012.0,9671.0,648.0,1519.0,2167.0,9307.0,2531.0,11838.0,2.62
966,LA,2016,4907781,13997.0,2239.0,16236.0,3300.0,4351.0,7651.0,17297.0,6590.0,23887.0,4.87
967,MA,2016,6852336,16074.0,1541.0,17615.0,1519.0,2182.0,3701.0,17593.0,3723.0,21316.0,3.11
968,MD,2016,6217491,15547.0,2395.0,17942.0,2254.0,3428.0,5682.0,17801.0,5823.0,23624.0,3.8
969,ME,2016,1407114,2260.0,228.0,2488.0,159.0,359.0,518.0,2419.0,587.0,3006.0,2.14
970,MI,2016,10451718,17667.0,3684.0,21351.0,2462.0,4155.0,6617.0,20129.0,7839.0,27968.0,2.68
971,MN,2016,5996299,9164.0,2459.0,11623.0,1158.0,2936.0,4094.0,10322.0,5395.0,15717.0,2.62
972,MO,2016,6269010,14878.0,2838.0,17716.0,1566.0,4193.0,5759.0,16444.0,7031.0,23475.0,3.74
973,MP,2016,0,,,,,,,,,,
974,MS,2016,3261191,6058.0,1499.0,7557.0,578.0,2200.0,2778.0,6636.0,3699.0,10335.0,3.17
975,MT,2016,1121813,1947.0,685.0,2632.0,129.0,749.0,878.0,2076.0,1434.0,3510.0,3.13
976,NB,2016,2115817,3608.0,596.0,4204.0,424.0,1052.0,1476.0,4032.0,1648.0,5680.0,2.68
977,NC,2016,10798726,24258.0,5795.0,30053.0,2975.0,6714.0,9689.0,27233.0,12509.0,39742.0,3.68
978,ND,2016,798045,1646.0,270.0,1916.0,194.0,433.0,627.0,1840.0,703.0,2543.0,3.19
979,NH,2016,1376085,2534.0,281.0,2815.0,240.0,611.0,851.0,2774.0,892.0,3666.0,2.66
980,NJ,2016,9005202,30890.0,4166.0,35056.0,2992.0,6463.0,9455.0,33882.0,10629.0,44511.0,4.94
981,NM,2016,2228811,4612.0,885.0,5497.0,504.0,1350.0,1854.0,5116.0,2235.0,7351.0,3.3
982,NV,2016,2946513,6239.0,687.0,6926.0,785.0,2154.0,2939.0,7024.0,2841.0,9865.0,3.35
983,NY,2016,21809118,56289.0,7637.0,63926.0,9053.0,13497.0,22550.0,65342.0,21134.0,86476.0,3.97
984,OH,2016,12838704,22320.0,4199.0,26517.0,2393.0,5483.0,7876.0,24713.0,9682.0,34393.0,2.68
985,OK,2016,4182166,8493.0,1931.0,10424.0,765.0,2643.0,3408.0,9258.0,4574.0,13832.0,3.31
986,OR,2016,4515765,7433.0,2046.0,9479.0,746.0,2738.0,3484.0,8179.0,4784.0,12963.0,2.87
987,OT,2016,0,,,,,,,,,,
988,PA,2016,13622531,24030.0,2000.0,26030.0,2630.0,3986.0,6616.0,26660.0,5986.0,32646.0,2.4
989,PR,2016,0,11408.0,228.0,11636.0,3125.0,543.0,3668.0,14533.0,771.0,15304.0,
990,RI,2016,1063042,2298.0,264.0,2562.0,184.0,369.0,553.0,2482.0,633.0,3115.0,2.93
991,SC,2016,5004023,11739.0,2052.0,13791.0,1514.0,3097.0,4611.0,13253.0,5149.0,18402.0,3.68
992,SD,2016,938772,1675.0,684.0,2359.0,116.0,637.0,753.0,1791.0,1321.0,3112.0,3.31
993,TN,2016,6675824,16161.0,4766.0,20927.0,1697.0,5638.0,7335.0,17858.0,10404.0,28262.0,4.23
994,TX,2016,28685684,51071.0,15495.0,66564.0,6760.0,20143.0,26903.0,57831.0,35638.0,93467.0,3.26
995,UT,2016,3482957,5032.0,1090.0,6122.0,384.0,1469.0,1853.0,5416.0,2559.0,7975.0,2.29
996,VA,2016,8436263,17639.0,1624.0,19263.0,2443.0,3917.0,6360.0,20082.0,5541.0,25623.0,3.04
997,VI,2016,0,472.0,60.0,532.0,334.0,196.0,530.0,806.0,256.0,1062.0,
998,VT,2016,925235,1805.0,162.0,1967.0,138.0,354.0,492.0,1943.0,516.0,2459.0,2.66
999,WA,2016,7830630,10354.0,1846.0,12200.0,1081.0,2954.0,4035.0,11435.0,4800.0,16235.0,2.07
1000,WI,2016,5898519,11179.0,2174.0,13347.0,1889.0,3172.0,5061.0,13068.0,5346.0,18408.0,3.12
1001,WV,2016,2070862,4032.0,400.0,4432.0,156.0,632.0,788.0,4188.0,1032.0,5220.0,2.52
1002,WY,2016,595148,1390.0,318.0,1708.0,145.0,559.0,704.0,1535.0,877.0,2412.0,4.05
1003,AK,2017,744849,1135.0,249.0,1384.0,112.0,437.0,549.0,1247.0,686.0,1933.0,2.6
1004,AL,2017,5135776,5200.0,1261.0,6461.0,365.0,1827.0,2192.0,5565.0,3088.0,8653.0,1.68
1005,AR,2017,3021597,5408.0,1513.0,6921.0,567.0,2042.0,2609.0,5975.0,3555.0,9530.0,3.15
1006,AS,2017,0,,,,,,,,,,
1007,AZ,2017,7037119,11480.0,4509.0,15989.0,1382.0,5379.0,6761.0,12862.0,9888.0,22750.0,3.23
1008,CA,2017,39713887,68403.0,15470.0,83873.0,10337.0,25474.0,35811.0,78740.0,40944.0,119684.0,3.01
1009,CO,2017,5661529,10729.0,2198.0,12927.0,1644.0,3847.0,5491.0,12373.0,6045.0,18418.0,3.25
1010,CT,2017,3645220,6567.0,582.0,7149.0,758.0,860.0,1618.0,7325.0,1442.0,8767.0,2.41
1011,CZ,2017,0,,,,,,,,,,
1012,DC,2017,693972,3325.0,299.0,3624.0,903.0,398.0,1301.0,4228.0,697.0,4925.0,7.1
1013,DE,2017,978771,2009.0,323.0,2332.0,273.0,371.0,644.0,2282.0,694.0,2976.0,3.04
1014,FL,2017,21152963,38844.0,10433.0,49277.0,7132.0,17938.0,25070.0,45976.0,28371.0,74347.0,3.51
1015,FS,2017,0,,,,,,,,,,
1016,GA,2017,10885394,20520.0,2759.0,23279.0,4174.0,5353.0,9527.0,24694.0,8112.0,32806.0,3.01
1017,GM,2017,0,265.0,19.0,284.0,24.0,47.0,71.0,289.0,66.0,355.0,
1018,HI,2017,1427538,2644.0,235.0,2879.0,307.0,543.0,850.0,2951.0,778.0,3729.0,2.61
1019,IA,2017,3179051,4801.0,1148.0,5949.0,434.0,1741.0,2175.0,5235.0,2889.0,8124.0,2.56
1020,ID,2017,1779810,2647.0,341.0,2988.0,204.0,1314.0,1518.0,2851.0,1655.0,4506.0,2.53
1021,IL,2017,12911525,20955.0,5370.0,26325.0,4322.0,4756.0,9078.0,25277.0,10126.0,35403.0,2.74
1022,IN,2017,6678341,6708.0,483.0,7191.0,581.0,988.0,1569.0,7289.0,1471.0,8760.0,1.31
1023,KS,2017,3006891,6165.0,912.0,7077.0,708.0,1827.0,2535.0,6873.0,2739.0,9612.0,3.2
1024,KY,2017,4494059,7146.0,885.0,8031.0,505.0,1267.0,1772.0,7651.0,2152.0,9803.0,2.18
1025,LA,2017,4819273,11963.0,1488.0,13451.0,3406.0,3189.0,6595.0,15369.0,4677.0,20046.0,4.16
1026,MA,2017,6872032,15038.0,1534.0,16572.0,1466.0,2073.0,3539.0,16504.0,3607.0,20111.0,2.93
1027,MD,2017,6249375,14437.0,2022.0,16459.0,2527.0,3181.0,5708.0,16964.0,5203.0,22167.0,3.55
1028,ME,2017,1390713,2138.0,221.0,2359.0,185.0,361.0,546.0,2323.0,582.0,2905.0,2.09
1029,MI,2017,10400915,14920.0,3196.0,18116.0,2186.0,3584.0,5770.0,17106.0,6780.0,23886.0,2.3
1030,MN,2017,5894269,8565.0,2345.0,10910.0,1129.0,2815.0,3944.0,9694.0,5160.0,14854.0,2.52
1031,MO,2017,6199257,13172.0,2360.0,15532.0,1503.0,3540.0,5043.0,14675.0,5900.0,20575.0,3.32
1032,MP,2017,0,,,,,,,,,,
1033,MS,2017,2985402,1958.0,463.0,2421.0,225.0,672.0,897.0,2183.0,1135.0,3318.0,1.11
1034,MT,2017,1108663,1787.0,491.0,2278.0,130.0,626.0,756.0,1917.0,1117.0,3034.0,2.74
1035,NB,2017,1987973,2954.0,513.0,3467.0,391.0,994.0,1385.0,3345.0,1507.0,4852.0,2.44
1036,NC,2017,11965888,24756.0,5801.0,30557.0,3309.0,6904.0,10213.0,28065.0,12705.0,40770.0,3.41
1037,ND,2017,781178,1541.0,230.0,1771.0,207.0,439.0,646.0,1748.0,669.0,2417.0,3.09
1038,NH,2017,1373143,2517.0,262.0,2779.0,247.0,597.0,844.0,2764.0,859.0,3623.0,2.64
1039,NJ,2017,9066144,28308.0,3580.0,31888.0,3033.0,5548.0,8581.0,31341.0,9128.0,40469.0,4.46
1040,NM,2017,2093574,2646.0,472.0,3118.0,287.0,803.0,1090.0,2933.0,1275.0,4208.0,2.01
1041,NV,2017,3004362,6020.0,819.0,6839.0,798.0,2233.0,3031.0,6818.0,3052.0,9870.0,3.29
1042,NY,2017,21794544,53305.0,7680.0,60985.0,9128.0,13530.0,22658.0,62433.0,21210.0,83643.0,3.84
1043,OH,2017,11763545,12068.0,1670.0,13738.0,1380.0,2819.0,4199.0,13448.0,4489.0,17937.0,1.52
1044,OK,2017,3955379,8109.0,1685.0,9794.0,724.0,2435.0,3159.0,8833.0,4120.0,12953.0,3.27
1045,OR,2017,4249078,6056.0,1672.0,7728.0,711.0,2291.0,3002.0,6767.0,3963.0,10730.0,2.53
1046,OT,2017,0,,,,,,,,,,
1047,PA,2017,13598612,23223.0,1958.0,25181.0,2619.0,2960.0,5579.0,25842.0,4918.0,30760.0,2.26
1048,PR,2017,3337177,,,,,,,,,,
1049,RI,2017,1066209,2315.0,260.0,2575.0,196.0,386.0,582.0,2511.0,646.0,3157.0,2.96
1050,SC,2017,5067266,7856.0,1469.0,9325.0,1272.0,2106.0,3378.0,9128.0,3575.0,12703.0,2.51
1051,SD,2017,909430,1628.0,523.0,2151.0,150.0,668.0,818.0,1778.0,1191.0,2969.0,3.26
1052,TN,2017,6734436,15082.0,4711.0,19793.0,1654.0,5320.0,6974.0,16736.0,10031.0,26767.0,3.97
1053,TX,2017,28467008,38225.0,11395.0,49620.0,5555.0,15985.0,21540.0,43780.0,27380.0,71160.0,2.5
1054,UT,2017,3317709,4633.0,936.0,5569.0,355.0,1274.0,1629.0,4988.0,2210.0,7198.0,2.17
1055,VA,2017,8478323,16632.0,1323.0,17955.0,2404.0,3666.0,6070.0,19036.0,4989.0,24025.0,2.83
1056,VI,2017,0,,,,,,,,,,
1057,VT,2017,636517,1076.0,103.0,1179.0,112.0,196.0,308.0,1188.0,299.0,1487.0,2.34
1058,WA,2017,7452537,9665.0,1789.0,11454.0,1054.0,2878.0,3932.0,10719.0,4667.0,15386.0,2.06
1059,WI,2017,5908949,11163.0,2344.0,13507.0,1722.0,3197.0,4919.0,12885.0,5541.0,18426.0,3.12
1060,WV,2017,1828820,3529.0,419.0,3948.0,140.0,611.0,751.0,3669.0,1030.0,4699.0,2.57
1061,WY,2017,588905,318.0,99.0,417.0,63.0,135.0,198.0,381.0,234.0,615.0,1.04
