state_abbr,data_year,population,male_officer_ct,male_civilian_ct,male_total_ct,female_officer_ct,female_civilian_ct,female_total_ct,officer_ct,civilian_ct,total_pe_ct,pe_ct_per_1000
AK,2000,631027,1066,208,1274,103,481,584,1169,689,1858,2.94
AL,2000,4488050,9529,1847,11376,769,3176,3945,10298,5023,15321,3.41
AR,2000,2934348,5315,1130,6445,541,1814,2355,5856,2944,8800,3
AS,2000,0,,,,,,,,,,
AZ,2000,5248863,9461,3364,12825,1117,4319,5436,10578,7683,18261,3.48
CA,2000,34063830,64639,12616,77255,8764,23643,32407,73403,36259,109662,3.22
CO,2000,5445709,11073,1817,12890,1552,3880,5432,12625,5697,18322,3.36
CT,2000,4283356,8707,1074,9781,729,1644,2373,9436,2718,12154,2.84
CZ,2000,0,,,,,,,,,,
DC,2000,572059,3332,329,3661,934,717,1651,4266,1046,5312,9.29
DE,2000,806621,2371,382,2753,278,631,909,2649,1013,3662,4.54
FL,2000,16049613,36004,10016,46020,5279,16340,21619,41283,26356,67639,4.21
FS,2000,0,,,,,,,,,,
GA,2000,9339048,24666,4579,29245,3449,7786,11235,28115,12365,40480,4.33
GM,2000,0,253,23,276,13,42,55,266,65,331,
HI,2000,1314665,3031,246,2989,254,612,866,3285,858,3855,2.93
IA,2000,3565389,5335,966,6301,358,1874,2232,5693,2840,8533,2.39
ID,2000,1345069,2450,195,2645,151,850,1001,2601,1045,3646,2.71
IL,2000,12649892,31965,5742,37707,5136,7661,12797,37101,13403,50504,3.99
IN,2000,6316200,10608,2765,13373,924,3684,4608,11532,6449,17981,2.85
KS,2000,4149346,9457,1695,11152,765,2715,3480,10222,4410,14632,3.53
KY,2000,4524298,7897,958,8855,739,1649,2388,8636,2607,11243,2.49
LA,2000,4672187,14502,1224,15726,3309,2778,6087,17811,4002,21813,4.67
MA,2000,7207900,17145,1508,18653,1410,1982,3392,18555,3490,22045,3.06
MD,2000,5449611,12915,1767,14682,1991,2785,4776,14906,4552,19458,3.57
ME,2000,1314095,2094,322,2416,127,398,525,2221,720,2941,2.24
MI,2000,11021292,20362,3290,23652,3044,5097,8141,23406,8387,31793,2.88
MN,2000,5326315,7997,1747,9744,883,2617,3500,8880,4364,13244,2.49
MO,2000,6013481,11578,2093,13671,1192,3309,4501,12770,5402,18172,3.02
MP,2000,0,,,,,,,,,,
MS,2000,3079190,5755,1160,6915,507,1891,2398,6262,3051,9313,3.02
MT,2000,1006390,1513,485,1998,81,642,723,1594,1127,2721,2.7
NB,2000,1971994,3275,361,3636,343,1060,1403,3618,1421,5039,2.56
NC,2000,8921838,20303,3520,23823,2253,4930,7183,22556,8450,31006,3.48
ND,2000,738772,1158,154,1312,89,269,358,1247,423,1670,2.26
NH,2000,1441689,2488,260,2748,146,615,761,2634,875,3509,2.43
NJ,2000,8461319,28639,2877,31516,2079,5274,7353,30718,8151,38869,4.59
NM,2000,2025648,4189,472,4661,344,1334,1678,4533,1806,6339,3.13
NV,2000,2003421,4316,591,4907,512,1734,2246,4828,2325,7153,3.57
NY,2000,21951890,61415,7407,68821,8501,14372,22873,69916,21779,91694,4.18
OH,2000,13316301,23525,4672,28195,2677,6809,9486,26202,11481,37681,2.83
OK,2000,3498712,6539,1434,7973,530,1998,2528,7069,3432,10501,3
OR,2000,3707332,5465,519,5984,562,1721,2283,6027,2240,8267,2.23
OT,2000,0,,,,,,,,,,
PA,2000,14316569,25281,1785,27066,2939,3235,6174,28220,5020,33240,2.32
PR,2000,0,0,0,,,,,,,,
RI,2000,1054364,2311,309,2620,148,360,508,2459,669,3128,2.97
SC,2000,4157030,11058,1094,12152,1180,2411,3591,12238,3505,15743,3.79
SD,2000,903042,1340,297,1635,71,384,455,1411,681,2090,2.31
TN,2000,7116382,18280,5798,24078,1978,8140,10118,20258,13938,34196,4.81
TX,2000,21539242,46196,13188,59382,4962,18969,23931,51158,32157,83313,3.87
UT,2000,3472908,5787,2443,8230,536,2423,2959,6323,4866,11189,3.22
VA,2000,8626134,17793,1338,19131,2136,3867,6003,19929,5205,25134,2.91
VI,2000,0,,,,,,,,,,
VT,2000,691342,1007,141,1148,82,278,360,1089,419,1508,2.18
WA,2000,6964764,9748,1586,11334,1056,2815,3871,10804,4401,15205,2.18
WI,2000,6268836,13149,1895,15038,2058,3894,5952,15207,5789,20990,3.35
WV,2000,2610193,4003,474,4477,121,606,727,4124,1080,5204,1.99
WY,2000,499238,1138,164,1302,81,461,542,1219,625,1844,3.69
AK,2001,646743,1124,213,1337,110,471,581,1234,684,1918,2.97
AL,2001,4508647,9504,1872,11376,755,3340,4095,10259,5212,15471,3.43
AR,2001,3387417,6132,1303,7435,630,2128,2758,6762,3431,10193,3.01
AS,2001,0,,,,,,,,,,
AZ,2001,5451960,9884,3366,13250,1159,4483,5642,11043,7849,18892,3.47
CA,2001,34608381,70902,14184,85086,9490,25234,34724,80392,39418,119810,3.46
CO,2001,5412707,11265,1971,13236,1635,4075,5710,12900,6046,18946,3.5
CT,2001,4178846,8777,924,9701,769,1544,2313,9546,2468,12014,2.87
CZ,2001,0,,,,,,,,,,
DC,2001,571822,3598,345,3943,971,542,1513,4569,887,5456,9.54
DE,2001,825603,2574,426,3000,361,794,1155,2935,1220,4155,5.03
FL,2001,16465493,36563,8705,45268,5358,16240,21598,41921,24945,66866,4.06
FS,2001,0,,,,,,,,,,
GA,2001,9426907,32426,6249,38675,5754,10461,16215,38180,16710,54890,5.82
GM,2001,0,0,0,,,,,,,,
HI,2001,1328623,2911,244,2867,268,632,900,3179,876,3767,2.84
IA,2001,3652073,5588,931,6519,365,1854,2219,5953,2785,8738,2.39
ID,2001,1364496,2495,196,2691,153,969,1122,2648,1165,3813,2.79
IL,2001,12709255,31822,6560,38382,5249,7443,12692,37071,14003,51074,4.02
IN,2001,6381228,10646,3232,13878,843,3980,4823,11489,7212,18701,2.93
KS,2001,3742569,9273,2294,11567,764,2940,3704,10037,5234,15271,4.08
KY,2001,4421128,7968,928,8896,712,1623,2335,8680,2551,11231,2.54
LA,2001,4969291,14824,1507,16331,3461,3315,6776,18285,4822,23107,4.65
MA,2001,6988891,16679,1560,18239,1411,2012,3423,18090,3572,21662,3.1
MD,2001,5535507,13086,1863,14949,2073,2886,4959,15159,4749,19908,3.6
ME,2001,1326146,2120,290,2394,127,395,522,2247,685,2916,2.2
MI,2001,11249449,20549,2901,23450,3103,4634,7737,23652,7535,31187,2.77
MN,2001,5597362,8320,1878,10198,933,2825,3758,9253,4703,13956,2.49
MO,2001,6575592,12546,2199,14745,1282,3718,5000,13828,5917,19745,3
MP,2001,0,,,,,,,,,,
MS,2001,3074425,5650,1468,7118,462,2150,2612,6112,3618,9730,3.16
MT,2001,986175,1586,502,2088,92,665,757,1678,1167,2845,2.88
NB,2001,2061927,3470,334,3804,358,1086,1444,3828,1420,5248,2.55
NC,2001,8688749,19711,3916,23627,2321,5291,7612,22032,9207,31239,3.6
ND,2001,693356,1117,143,1260,80,268,348,1197,411,1608,2.32
NH,2001,1510606,2635,282,2917,170,649,819,2805,931,3736,2.47
NJ,2001,8570729,30217,3355,33572,2343,5740,8083,32560,9095,41655,4.86
NM,2001,2044586,4037,498,4535,363,1224,1587,4400,1722,6122,2.99
NV,2001,2112936,4100,1048,5148,418,1967,2385,4518,3015,7533,3.57
NY,2001,22308128,61663,8002,69663,8647,16217,24864,70310,24219,94527,4.24
OH,2001,13978771,24402,4829,29229,2825,7073,9898,27227,11902,39127,2.8
OK,2001,3521241,6694,1489,8183,535,2019,2554,7229,3508,10737,3.05
OR,2001,3915270,5642,519,6161,580,1924,2504,6222,2443,8665,2.21
OT,2001,0,,,,,,,,,,
PA,2001,13710584,24555,1753,26308,2864,3148,6012,27419,4901,32320,2.36
PR,2001,0,0,0,,,,,,,,
RI,2001,1065026,2293,289,2582,155,346,501,2448,635,3083,2.89
SC,2001,4356270,11287,1403,12690,1273,2626,3899,12560,4029,16589,3.81
SD,2001,1103452,1604,343,1947,92,545,637,1696,888,2584,2.34
TN,2001,5829420,14703,3621,18324,1571,5836,7407,16274,9457,25731,4.41
TX,2001,22173878,44040,12487,56525,4939,16780,21719,48979,29267,78244,3.53
UT,2001,2862613,4914,1475,6389,453,1692,2145,5367,3167,8534,2.98
VA,2001,8070674,17622,1597,19219,2126,4004,6130,19748,5601,25349,3.14
VI,2001,0,,,,,,,,,,
VT,2001,637118,967,120,1087,73,244,317,1040,364,1404,2.2
WA,2001,6600501,9641,1453,11094,1025,2890,3915,10666,4343,15009,2.27
WI,2001,5629110,11718,1716,13428,1817,3303,5120,13535,5019,18548,3.3
WV,2001,2364529,4226,463,4689,140,635,775,4366,1098,5464,2.31
WY,2001,506021,1195,235,1430,83,547,630,1278,782,2060,4.07
AK,2002,678595,1140,242,1382,116,509,625,1256,751,2007,2.96
AL,2002,4516995,9523,1909,11432,769,3218,3987,10292,5127,15419,3.41
AR,2002,4150375,7234,1648,8882,780,2536,3316,8014,4184,12198,2.94
AS,2002,0,,,,,,,,,,
AZ,2002,5599140,10039,3256,13295,1202,4636,5838,11241,7892,19133,3.42
CA,2002,35469498,67424,14927,82351,9425,25810,35235,76849,40737,117586,3.32
CO,2002,4926932,10727,1658,12385,1559,3777,5336,12286,5435,17721,3.6
CT,2002,5233694,11079,1454,12533,965,2262,3227,12044,3716,15760,3.01
CZ,2002,0,,,,,,,,,,
DC,2002,570898,3633,348,3981,990,665,1655,4623,1013,5636,9.87
DE,2002,849575,3247,438,3685,392,806,1198,3639,1244,4883,5.75
FL,2002,16792071,37278,11099,48377,5518,17674,23192,42796,28773,71569,4.26
FS,2002,0,,,,,,,,,,
GA,2002,9138797,23089,3823,26912,3474,6742,10216,26563,10565,37128,4.06
GM,2002,0,0,0,,,,,,,,
HI,2002,1350867,2946,247,2905,274,611,885,3220,858,3790,2.81
IA,2002,3511372,5384,1000,6384,373,1888,2261,5757,2888,8645,2.46
ID,2002,1397903,2513,240,2753,159,983,1142,2672,1223,3895,2.79
IL,2002,12823437,31601,6191,37792,5333,7924,13257,36934,14115,51049,3.98
IN,2002,6403590,10676,3361,14037,872,4098,4970,11548,7459,19007,2.97
KS,2002,3440432,8845,2344,11189,725,2621,3346,9570,4965,14535,4.22
KY,2002,4496702,8216,901,9117,706,1676,2382,8922,2577,11499,2.56
LA,2002,4794653,14809,1990,16799,3782,3778,7560,18591,5768,24359,5.08
MA,2002,7663498,17714,1637,19351,1551,2244,3795,19265,3881,23146,3.02
MD,2002,5620542,13212,1986,15198,2125,2960,5085,15337,4946,20283,3.61
ME,2002,1329171,2114,338,2452,134,410,544,2248,748,2996,2.25
MI,2002,11730260,22231,3697,25928,3346,5180,8526,25577,8877,34454,2.94
MN,2002,5174360,7912,1926,9838,926,2791,3717,8838,4717,13555,2.62
MO,2002,5793460,12305,2202,14507,1260,3585,4845,13565,5787,19352,3.34
MP,2002,0,,,,,,,,,,
MS,2002,3125516,5820,1417,7237,506,2220,2726,6326,3637,9963,3.19
MT,2002,1000135,1642,505,2147,96,700,796,1738,1205,2943,2.94
NB,2002,1926750,3334,294,3628,361,1113,1474,3695,1407,5102,2.65
NC,2002,9373602,21129,4162,25291,2454,5574,8028,23583,9736,33319,3.55
ND,2002,683229,1115,172,1287,88,274,362,1203,446,1649,2.41
NH,2002,1671804,2889,305,3194,192,700,892,3081,1005,4086,2.44
NJ,2002,8639825,28997,3149,32146,2188,5503,7691,31185,8652,39837,4.61
NM,2002,1998748,3974,458,4432,376,1152,1528,4350,1610,5960,2.98
NV,2002,2180572,4415,1157,5572,511,2249,2760,4926,3406,8332,3.82
NY,2002,21365121,57774,7408,65181,8361,15262,23623,66135,22670,88804,4.16
OH,2002,13436919,24462,4829,29289,2807,6952,9759,27269,11781,39048,2.91
OK,2002,3544795,6705,1447,8152,526,2052,2578,7231,3499,10730,3.03
OR,2002,4035837,5804,489,6293,615,1831,2446,6419,2320,8739,2.17
OT,2002,0,,,,,,,,,,
PA,2002,13315544,24336,1879,26215,2850,3138,5988,27186,5017,32203,2.42
PR,2002,0,0,0,,,,,,,,
RI,2002,1075893,2331,286,2617,163,355,518,2494,641,3135,2.91
SC,2002,4206042,10693,1565,12258,1234,2596,3830,11927,4161,16088,3.82
SD,2002,981716,1425,390,1815,74,482,556,1499,872,2371,2.42
TN,2002,5908860,15321,3704,19025,1672,6533,8205,16993,10237,27230,4.61
TX,2002,22339066,43876,13170,57044,4990,17117,22107,48866,30287,79151,3.54
UT,2002,2564124,4445,971,5416,379,1294,1673,4824,2265,7089,2.76
VA,2002,7659643,16557,1580,18137,1916,3789,5705,18473,5369,23842,3.11
VI,2002,0,,,,,,,,,,
VT,2002,679735,993,153,1146,74,275,349,1067,428,1495,2.2
WA,2002,6804281,9752,1273,11025,1040,2777,3817,10792,4050,14842,2.18
WI,2002,5899168,12129,1745,13868,1924,3500,5424,14053,5245,19292,3.27
WV,2002,2692077,4075,479,4554,130,722,852,4205,1201,5406,2.01
WY,2002,512358,1194,246,1440,89,522,611,1283,768,2051,4
AK,2003,656222,1079,223,1302,113,477,590,1192,700,1892,2.88
AL,2003,4531274,9725,1906,11631,752,3344,4096,10477,5250,15727,3.47
AR,2003,4420373,7965,1715,9680,853,2898,3751,8818,4613,13431,3.04
AS,2003,0,,,,,,,,,,
AZ,2003,5746332,10180,3361,13541,1209,4679,5888,11389,8040,19429,3.38
CA,2003,36032926,68433,14328,82761,9718,26530,36248,78151,40858,119009,3.3
CO,2003,5142626,10801,1699,12500,1654,3844,5498,12455,5543,17998,3.5
CT,2003,4202611,8690,807,9497,952,1345,2297,9642,2152,11794,2.81
CZ,2003,0,,,,,,,,,,
DC,2003,563384,3544,346,3890,965,561,1526,4509,907,5416,9.61
DE,2003,845023,2867,482,3349,545,1133,1678,3412,1615,5027,5.95
FL,2003,17102484,37391,10233,47624,5993,16686,22679,43384,26919,70303,4.11
FS,2003,0,,,,,,,,,,
GA,2003,9839287,33189,6325,39514,5949,10258,16207,39138,16583,55721,5.66
GM,2003,0,0,0,,,,,,,,
HI,2003,1364659,2969,246,2927,268,615,883,3237,861,3810,2.79
IA,2003,3633788,5525,1011,6536,376,1886,2262,5901,2897,8798,2.42
ID,2003,1423233,2562,233,2795,161,952,1113,2723,1185,3908,2.75
IL,2003,12871302,31563,6064,37627,5444,7720,13164,37007,13784,50791,3.95
IN,2003,6343592,10701,3304,14005,865,3911,4776,11566,7215,18781,2.96
KS,2003,4157807,9664,1640,11304,957,2672,3629,10621,4312,14933,3.59
KY,2003,6029437,12691,1513,14204,1509,2741,4250,14200,4254,18454,3.06
LA,2003,4769732,14712,1470,16182,3343,3770,7113,18055,5240,23295,4.88
MA,2003,7062748,16371,1393,17764,1428,1996,3424,17799,3389,21188,3
MD,2003,5672192,13179,1830,15009,2109,2924,5033,15288,4754,20042,3.53
ME,2003,1365362,2169,338,2507,133,395,528,2302,733,3035,2.22
MI,2003,11207119,21507,3731,25238,3273,4993,8266,24780,8724,33504,2.99
MN,2003,5645982,8260,1932,10192,973,2902,3875,9233,4834,14067,2.49
MO,2003,5788691,12343,2182,14525,1264,3570,4834,13607,5752,19359,3.34
MP,2003,0,,,,,,,,,,
MS,2003,3171037,5913,1478,7391,516,2156,2672,6429,3634,10063,3.17
MT,2003,1135326,1770,628,2398,113,773,886,1883,1401,3284,2.89
NB,2003,1997230,3413,361,3774,375,1168,1543,3788,1529,5317,2.66
NC,2003,10034703,22193,4531,26724,2588,5817,8405,24781,10348,35129,3.5
ND,2003,739702,1183,145,1328,87,284,371,1270,429,1699,2.3
NH,2003,1578517,2624,253,2877,188,627,815,2812,880,3692,2.34
NJ,2003,8718667,30013,3210,33223,2501,5779,8280,32514,8989,41503,4.76
NM,2003,2080181,4129,491,4620,390,1172,1562,4519,1663,6182,2.97
NV,2003,2247570,4238,1099,5337,470,2069,2539,4708,3168,7876,3.5
NY,2003,22079734,52604,6441,59044,6722,13461,20183,59326,19902,79227,3.59
OH,2003,13810862,24540,4920,29458,2944,7129,10073,27484,12049,39531,2.86
OK,2003,3566501,6658,1414,8072,534,2042,2576,7192,3456,10648,2.99
OR,2003,4145309,5761,460,6221,579,1864,2443,6340,2324,8664,2.09
OT,2003,0,,,,,,,,,,
PA,2003,13597864,24681,1811,26491,2859,3192,6051,27540,5003,32542,2.39
PR,2003,0,0,0,,,,,,,,
RI,2003,1082476,2344,291,2635,171,347,518,2515,638,3153,2.91
SC,2003,4172489,10021,1487,11508,1179,2536,3715,11200,4023,15223,3.65
SD,2003,818874,1274,352,1626,80,404,484,1354,756,2110,2.58
TN,2003,5870029,14804,3536,18340,1622,5671,7293,16426,9207,25633,4.37
TX,2003,23383488,45940,13650,59588,5322,17380,22702,51262,31030,82290,3.52
UT,2003,2711596,4650,1095,5745,403,1512,1915,5053,2607,7660,2.82
VA,2003,7706304,16941,1660,18601,2068,4013,6081,19009,5673,24682,3.2
VI,2003,0,,,,,,,,,,
VT,2003,644922,988,126,1114,75,256,331,1063,382,1445,2.24
WA,2003,6927057,9953,1431,11384,1040,2915,3955,10993,4346,15339,2.21
WI,2003,6526235,14823,2062,16879,2601,4202,6803,17424,6264,23682,3.63
WV,2003,2803078,4556,443,4999,159,694,853,4715,1137,5852,2.09
WY,2003,509833,1255,260,1515,106,539,645,1361,799,2160,4.24
AK,2004,663616,1143,224,1367,127,477,604,1270,701,1971,2.97
AL,2004,4689646,10114,2026,12140,787,3472,4259,10901,5498,16399,3.5
AR,2004,3312968,6439,1317,7756,766,2149,2915,7205,3466,10671,3.22
AS,2004,0,,,,,,,,,,
AZ,2004,6044315,10576,3968,14544,1239,4988,6227,11815,8956,20771,3.44
CA,2004,36151800,67307,14028,81335,9662,25844,35506,76969,39872,116841,3.23
CO,2004,5057138,10594,1729,12323,1641,3820,5461,12235,5549,17784,3.52
CT,2004,4083112,8504,802,9306,951,1379,2330,9455,2181,11636,2.85
CZ,2004,0,,,,,,,,,,
DC,2004,553523,3767,316,4083,1021,510,1531,4788,826,5614,10.14
DE,2004,854779,2561,464,3025,348,697,1045,2909,1161,4070,4.76
FL,2004,17489500,38810,10590,49400,6320,17961,24281,45130,28551,73681,4.21
FS,2004,0,,,,,,,,,,
GA,2004,11101346,35168,6551,41719,6175,10652,16827,41343,17203,58546,5.27
GM,2004,0,0,0,,,,,,,,
HI,2004,1370337,2863,237,2812,270,582,852,3133,819,3664,2.67
IA,2004,3480184,5177,961,6138,380,1870,2250,5557,2831,8388,2.41
ID,2004,1443504,3063,286,3349,192,1140,1332,3255,1426,4681,3.24
IL,2004,12932050,31322,6240,37562,5595,7560,13155,36917,13800,50717,3.92
IN,2004,6472976,10881,3321,14202,895,3924,4819,11776,7245,19021,2.94
KS,2004,3283186,7962,1150,9112,707,2211,2918,8669,3361,12030,3.66
KY,2004,4988125,9252,1146,10398,854,2054,2908,10106,3200,13306,2.67
LA,2004,4871086,15009,1536,16545,3537,3842,7379,18546,5378,23924,4.91
MA,2004,7250474,16476,1583,18059,1434,2073,3507,17910,3656,21566,2.97
MD,2004,5729838,14626,2208,16834,2277,3318,5595,16903,5526,22429,3.91
ME,2004,1393265,2170,316,2486,140,423,563,2310,739,3049,2.19
MI,2004,11208772,20865,3843,24708,3213,4878,8091,24078,8721,32799,2.93
MN,2004,5307683,7875,1816,9691,938,2749,3687,8813,4565,13378,2.52
MO,2004,5968078,12839,2232,15071,1313,3565,4878,14152,5797,19949,3.34
MP,2004,0,,,,,,,,,,
MS,2004,3116379,5879,1656,7535,513,2373,2886,6392,4029,10421,3.34
MT,2004,1567999,2427,781,3208,159,1054,1213,2586,1835,4421,2.82
NB,2004,2005191,3473,441,3914,398,1148,1546,3871,1589,5460,2.72
NC,2004,9077089,21166,4711,25877,2546,5704,8250,23712,10415,34127,3.76
ND,2004,829822,1341,162,1503,99,349,448,1440,511,1951,2.35
NH,2004,1489259,2488,254,2742,192,615,807,2680,869,3549,2.38
NJ,2004,8751750,29470,3326,32796,2515,5740,8255,31985,9066,41051,4.69
NM,2004,1985191,3923,494,4417,400,1090,1490,4323,1584,5907,2.98
NV,2004,2341129,4310,1153,5463,467,2135,2602,4777,3288,8065,3.44
NY,2004,21401951,56685,7830,64514,8434,15932,24366,65119,23762,88880,4.15
OH,2004,14249695,24820,5159,29977,2918,7195,10113,27738,12354,40090,2.81
OK,2004,3607352,6623,1393,8016,531,2092,2623,7154,3485,10639,2.95
OR,2004,3862177,5313,555,5868,562,1771,2333,5875,2326,8201,2.12
OT,2004,0,,,,,,,,,,
PA,2004,13499967,24260,1852,26112,2843,3152,5995,27103,5004,32107,2.38
PR,2004,0,0,0,,,,,,,,
RI,2004,1730885,3458,443,3901,241,514,755,3699,957,4656,2.69
SC,2004,4222566,10659,1594,12253,1224,2798,4022,11883,4392,16275,3.85
SD,2004,1279886,1911,511,2422,132,604,736,2043,1115,3158,2.47
TN,2004,5965778,14956,3679,18635,1702,5865,7567,16658,9544,26202,4.39
TX,2004,23571069,48982,15067,64047,5509,20231,25740,54491,35298,89787,3.81
UT,2004,2622494,4534,1192,5726,348,1429,1777,4882,2621,7503,2.86
VA,2004,7758563,16625,1539,18164,2041,3915,5956,18666,5454,24120,3.11
VI,2004,0,,,,,,,,,,
VT,2004,632382,1007,114,1121,77,236,313,1084,350,1434,2.27
WA,2004,6879980,9637,1501,11138,1038,2821,3859,10675,4322,14997,2.18
WI,2004,6022713,12933,1972,14899,2282,3896,6178,15215,5868,21077,3.5
WV,2004,2173620,3730,400,4130,108,629,737,3838,1029,4867,2.24
WY,2004,520588,1221,204,1425,107,504,611,1328,708,2036,3.91
AK,2005,664150,1097,201,1298,119,468,587,1216,669,1885,2.84
AL,2005,4575157,9910,1929,11839,782,3294,4076,10692,5223,15915,3.48
AR,2005,3325915,6340,1316,7656,638,2189,2827,6978,3505,10483,3.15
AS,2005,0,,,,,,,,,,
AZ,2005,6409755,10998,4492,15490,1269,5295,6564,12267,9787,22054,3.44
CA,2005,36421230,67205,14342,81547,9740,25846,35586,76945,40188,117133,3.22
CO,2005,4814561,10644,1726,12370,1660,3636,5296,12304,5362,17666,3.67
CT,2005,4061364,8367,772,9139,953,1327,2280,9320,2099,11419,2.81
CZ,2005,0,,,,,,,,,,
DC,2005,550521,3787,327,4114,1011,430,1441,4798,757,5555,10.09
DE,2005,870075,2719,413,3132,412,819,1231,3131,1232,4363,5.01
FL,2005,17883830,37776,11034,48810,6189,18307,24496,43965,29341,73306,4.1
FS,2005,0,,,,,,,,,,
GA,2005,10497970,35204,6494,41698,6316,10370,16686,41520,16864,58384,5.56
GM,2005,0,0,0,,,,,,,,
HI,2005,1383742,2963,242,2917,280,608,888,3243,850,3805,2.75
IA,2005,3517975,5304,985,6289,398,1888,2286,5702,2873,8575,2.44
ID,2005,1649378,3078,232,3310,204,1215,1419,3282,1447,4729,2.87
IL,2005,12979219,31390,7010,38400,5627,7899,13526,37017,14909,51926,4
IN,2005,6432599,10823,2955,13778,854,3773,4627,11677,6728,18405,2.86
KS,2005,3243367,8226,1477,9703,763,2449,3212,8989,3926,12915,3.98
KY,2005,5322585,10380,1084,11464,926,1933,2859,11306,3017,14323,2.69
LA,2005,5782512,17341,1698,19039,4046,3835,7881,21387,5533,26920,4.66
MA,2005,7001197,16216,1449,17665,1434,2097,3531,17650,3546,21196,3.03
MD,2005,5772739,13249,2008,15257,2101,3040,5141,15350,5048,20398,3.53
ME,2005,1367789,2143,293,2436,132,399,531,2275,692,2967,2.17
MI,2005,10953383,20507,3584,24091,3071,4805,7876,23578,8389,31967,2.92
MN,2005,5529905,7837,1833,9670,974,2837,3811,8811,4670,13481,2.44
MO,2005,5885830,12212,2312,14524,1282,3534,4816,13494,5846,19340,3.29
MP,2005,0,,,,,,,,,,
MS,2005,3153201,5911,1572,7483,503,2353,2856,6414,3925,10339,3.28
MT,2005,1112245,1819,540,2359,120,834,954,1939,1374,3313,2.98
NB,2005,2019811,3457,420,3877,407,1152,1559,3864,1572,5436,2.69
NC,2005,9002656,22368,4876,27244,2562,5715,8277,24930,10591,35521,3.95
ND,2005,773593,1234,135,1369,103,312,415,1337,447,1784,2.31
NH,2005,1535778,2445,234,2679,191,601,792,2636,835,3471,2.26
NJ,2005,8770503,29897,3294,33191,2557,5794,8351,32454,9088,41542,4.74
NM,2005,2140831,4321,546,4867,399,1258,1657,4720,1804,6524,3.05
NV,2005,2421139,4463,1345,5808,522,2228,2750,4985,3573,8558,3.53
NY,2005,21281180,56615,7779,64393,8628,15777,24405,65243,23556,88798,4.17
OH,2005,14713656,25249,5166,30412,2889,7114,10003,28138,12280,40415,2.75
OK,2005,3661916,6632,1683,8315,550,2333,2883,7182,4016,11198,3.06
OR,2005,3947974,5462,524,5986,581,1801,2382,6043,2325,8368,2.12
OT,2005,0,,,,,,,,,,
PA,2005,13646947,24616,1929,26545,2810,3210,6020,27426,5139,32565,2.39
PR,2005,0,0,0,,,,,,,,
RI,2005,1082452,2397,308,2705,181,351,532,2578,659,3237,2.99
SC,2005,4300414,11743,1721,13464,1350,2852,4202,13093,4573,17666,4.11
SD,2005,1337112,2102,577,2679,120,786,906,2222,1363,3585,2.68
TN,2005,6003334,14808,3987,18795,1569,6151,7720,16377,10138,26515,4.42
TX,2005,23606976,49286,15071,64355,5693,20848,26541,54979,35919,90896,3.85
UT,2005,2801285,4594,1234,5828,408,1524,1932,5002,2758,7760,2.77
VA,2005,7616034,16168,1432,17600,1988,3674,5662,18156,5106,23262,3.05
VI,2005,0,,,,,,,,,,
VT,2005,667606,1347,181,1528,116,349,465,1463,530,1993,2.99
WA,2005,6855717,9962,1374,11336,1076,2851,3927,11038,4225,15263,2.23
WI,2005,5876056,12180,1811,13985,2065,3604,5669,14245,5415,19654,3.34
WV,2005,2109327,3650,378,4028,109,612,721,3759,990,4749,2.25
WY,2005,528488,1266,101,1367,115,417,532,1381,518,1899,3.59
AK,2006,670527,1133,237,1370,126,485,611,1259,722,1981,2.95
AL,2006,4616525,9910,2039,11949,776,3505,4281,10686,5544,16230,3.52
AR,2006,3181296,5964,1270,7234,623,2146,2769,6587,3416,10003,3.14
AS,2006,0,,,,,,,,,,
AZ,2006,6450151,11070,4568,15638,1296,5408,6704,12366,9976,22342,3.46
CA,2006,36685882,68255,14943,83198,9950,26499,36449,78205,41442,119647,3.26
CO,2006,4908722,10670,1728,12398,1648,3781,5429,12318,5509,17827,3.63
CT,2006,3764006,7651,753,8404,804,1199,2003,8455,1952,10407,2.76
CZ,2006,0,,,,,,,,,,
DC,2006,581530,3782,346,4128,1014,451,1465,4796,797,5593,9.62
DE,2006,881748,2526,384,2910,353,663,1016,2879,1047,3926,4.45
FL,2006,18186529,41497,10566,52063,6832,18450,25282,48329,29016,77345,4.25
FS,2006,0,,,,,,,,,,
GA,2006,11743145,37560,7116,44676,6889,11472,18361,44449,18588,63037,5.37
GM,2006,0,0,0,,,,,,,,
HI,2006,1394924,3033,251,2996,284,611,895,3317,862,3891,2.79
IA,2006,3489369,5243,1057,6300,393,1824,2217,5636,2881,8517,2.44
ID,2006,1537222,2750,265,3015,202,1148,1350,2952,1413,4365,2.84
IL,2006,12971437,31748,7027,38775,5775,7847,13622,37523,14874,52397,4.04
IN,2006,6414971,10723,3086,13809,837,3824,4661,11560,6910,18470,2.88
KS,2006,3313172,8657,1633,10290,847,2464,3311,9504,4097,13601,4.11
KY,2006,4654251,9036,904,9940,691,1617,2308,9727,2521,12248,2.63
LA,2006,4689450,14919,1571,16490,3823,3151,6974,18742,4722,23464,5
MA,2006,6799132,16541,1399,17940,1446,2158,3604,17987,3557,21544,3.17
MD,2006,5783440,14814,2434,17248,2239,3555,5794,17053,5989,23042,3.98
ME,2006,1454430,2197,333,2530,128,444,572,2325,777,3102,2.13
MI,2006,10711402,19728,3414,23142,2949,4543,7492,22677,7957,30634,2.86
MN,2006,5494427,7826,1910,9736,999,2889,3888,8825,4799,13624,2.48
MO,2006,5914955,12556,2390,14946,1338,3465,4803,13894,5855,19749,3.34
MP,2006,0,,,,,,,,,,
MS,2006,3010899,5684,1525,7209,503,2310,2813,6187,3835,10022,3.33
MT,2006,1051485,1769,513,2282,122,686,808,1891,1199,3090,2.94
NB,2006,2027469,3516,485,4001,415,1134,1549,3931,1619,5550,2.74
NC,2006,9586839,21703,4712,26415,2740,6036,8776,24443,10748,35191,3.67
ND,2006,670680,1134,146,1280,104,299,403,1238,445,1683,2.51
NH,2006,1446567,2541,253,2794,202,627,829,2743,880,3623,2.5
NJ,2006,8775225,29582,3115,32697,2549,5465,8014,32131,8580,40711,4.64
NM,2006,2010243,3946,600,4546,398,1152,1550,4344,1752,6096,3.03
NV,2006,2502102,4766,1400,6166,515,2419,2934,5281,3819,9100,3.64
NY,2006,21206462,56720,7999,64718,8768,16282,25050,65488,24281,89768,4.23
OH,2006,14972268,26548,4601,31148,2903,7054,9957,29451,11655,41105,2.75
OK,2006,3695169,6695,1713,8408,557,2273,2830,7252,3986,11238,3.04
OR,2006,3757824,5308,1206,6514,564,2081,2645,5872,3287,9159,2.44
OT,2006,0,,,,,,,,,,
PA,2006,13651092,24904,1919,26823,2830,3207,6037,27734,5126,32860,2.41
PR,2006,0,0,0,,,,,,,,
RI,2006,1073858,2387,311,2698,183,355,538,2570,666,3236,3.01
SC,2006,4411430,11225,1483,12708,1395,2707,4102,12620,4190,16810,3.81
SD,2006,1081334,1664,504,2168,120,627,747,1784,1131,2915,2.7
TN,2006,6098211,14594,4238,18832,1459,5841,7300,16053,10079,26132,4.29
TX,2006,23781113,48794,15684,64476,5604,21691,27295,54398,37375,91771,3.86
UT,2006,2728965,4383,1490,5873,343,1549,1892,4726,3039,7765,2.85
VA,2006,7729866,16722,1517,18239,2125,3876,6001,18847,5393,24240,3.14
VI,2006,0,,,,,,,,,,
VT,2006,659874,1125,130,1255,94,286,380,1219,416,1635,2.48
WA,2006,6688879,9475,1407,10882,1000,2831,3831,10475,4238,14713,2.2
WI,2006,6107968,11960,1910,13864,1954,3498,5452,13914,5408,19316,3.16
WV,2006,2250145,4316,345,4661,120,674,794,4436,1019,5455,2.42
WY,2006,521499,1237,118,1355,112,441,553,1349,559,1908,3.66
AK,2007,683918,1127,235,1362,119,454,573,1246,689,1935,2.83
AL,2007,4646319,10126,2092,12218,759,3695,4454,10885,5787,16672,3.59
AR,2007,3061835,5987,1258,7245,639,2114,2753,6626,3372,9998,3.27
AS,2007,0,,,,,,,,,,
AZ,2007,6614301,11582,4680,16262,1364,5589,6953,12946,10269,23215,3.51
CA,2007,36696956,70880,15601,86481,10257,27825,38082,81137,43426,124563,3.39
CO,2007,5058043,10923,1889,12812,1659,3842,5501,12582,5731,18313,3.62
CT,2007,3817352,7835,818,8653,808,1204,2012,8643,2022,10665,2.79
CZ,2007,0,,,,,,,,,,
DC,2007,588292,3869,358,4227,1033,474,1507,4902,832,5734,9.75
DE,2007,917216,2519,424,2943,336,674,1010,2855,1098,3953,4.31
FL,2007,18341214,39030,11096,50126,6329,18959,25288,45359,30055,75414,4.11
FS,2007,0,,,,,,,,,,
GA,2007,10168475,32646,5777,38423,6499,10123,16622,39145,15900,55045,5.41
GM,2007,0,0,0,,,,,,,,
HI,2007,1392635,3012,267,2991,290,634,924,3302,901,3915,2.81
IA,2007,3515498,5376,1068,6444,412,1880,2292,5788,2948,8736,2.48
ID,2007,1550280,2769,441,3210,199,1057,1256,2968,1498,4466,2.88
IL,2007,12950887,31724,7753,39477,5791,8509,14300,37515,16262,53777,4.15
IN,2007,6497294,10926,2928,13854,849,3511,4360,11775,6439,18214,2.8
KS,2007,3369490,8824,1577,10401,935,2607,3542,9759,4184,13943,4.14
KY,2007,5693180,11176,1103,12279,908,1986,2894,12084,3089,15173,2.67
LA,2007,4450169,14028,2133,16161,2992,3992,6984,17020,6125,23145,5.2
MA,2007,6986373,16630,1517,18147,1421,2211,3632,18051,3728,21779,3.12
MD,2007,5842608,13847,2118,15965,2131,3273,5404,15978,5391,21369,3.66
ME,2007,1408460,2297,361,2658,143,437,580,2440,798,3238,2.3
MI,2007,10958804,19938,3516,23454,3020,4485,7505,22958,8001,30959,2.83
MN,2007,5556498,8032,2084,10116,1071,2907,3978,9103,4991,14094,2.54
MO,2007,5965134,14118,2789,16907,1438,4235,5673,15556,7024,22580,3.79
MP,2007,0,,,,,,,,,,
MS,2007,3024679,5758,1447,7205,507,2387,2894,6265,3834,10099,3.34
MT,2007,1045814,1814,504,2318,125,617,742,1939,1121,3060,2.93
NB,2007,1934192,3281,374,3655,373,1086,1459,3654,1460,5114,2.64
NC,2007,10729781,25623,5337,30960,2941,6686,9627,28564,12023,40587,3.78
ND,2007,734139,1207,184,1391,128,318,446,1335,502,1837,2.5
NH,2007,1528130,2715,291,3006,214,641,855,2929,932,3861,2.53
NJ,2007,8735716,31051,3488,34539,2779,6002,8781,33830,9490,43320,4.96
NM,2007,1999763,3989,563,4552,400,1171,1571,4389,1734,6123,3.06
NV,2007,2571920,5736,747,6483,678,2396,3074,6414,3143,9557,3.72
NY,2007,21175344,55985,8177,64162,8720,16784,25504,64705,24961,89666,4.23
OH,2007,13639490,25271,4950,30220,2881,7119,10000,28152,12069,40220,2.95
OK,2007,3683300,6877,1658,8535,558,2360,2918,7435,4018,11453,3.11
OR,2007,3853651,6262,1866,8128,676,2669,3345,6938,4535,11473,2.98
OT,2007,0,,,,,,,,,,
PA,2007,13504531,25370,1925,27295,2853,3223,6076,28223,5148,33371,2.47
PR,2007,0,0,0,,,,,,,,
RI,2007,1086975,2438,314,2752,188,367,555,2626,681,3307,3.04
SC,2007,4432638,10937,1507,12444,1358,2804,4162,12295,4311,16606,3.75
SD,2007,968744,1538,372,1910,116,526,642,1654,898,2552,2.63
TN,2007,6218821,14893,7806,22699,1506,7873,9379,16399,15679,32078,5.16
TX,2007,24858321,51075,16359,67432,5984,22559,28543,57059,38918,95975,3.86
UT,2007,2810524,4495,1561,6056,332,1631,1963,4827,3192,8019,2.85
VA,2007,7836504,16849,1508,18357,2192,3891,6083,19041,5399,24440,3.12
VI,2007,0,,,,,,,,,,
VT,2007,648707,1216,141,1357,101,286,387,1317,427,1744,2.69
WA,2007,6583891,9582,1435,11017,987,2888,3875,10569,4323,14892,2.26
WI,2007,5978650,11676,2187,13857,1847,3763,5610,13523,5950,19467,3.26
WV,2007,2365317,4037,406,4443,118,685,803,4155,1091,5246,2.22
WY,2007,531696,1320,180,1500,126,520,646,1446,700,2146,4.04
AK,2008,686732,1180,234,1414,119,474,593,1299,708,2007,2.92
AL,2008,4940876,10877,2345,13222,834,3828,4662,11711,6173,17884,3.62
AR,2008,3045519,5930,1416,7346,505,2406,2911,6435,3822,10257,3.37
AS,2008,0,,,,,,,,,,
AZ,2008,6748004,11973,4657,16630,1425,5672,7097,13398,10329,23727,3.52
CA,2008,36877380,72942,15062,88004,10951,28098,39049,83893,43160,127053,3.45
CO,2008,5272577,11567,1954,13521,1817,3953,5770,13384,5907,19291,3.66
CT,2008,3640379,7974,816,8790,803,1231,2034,8777,2047,10824,2.97
CZ,2008,0,,,,,,,,,,
DC,2008,591833,4021,358,4379,1055,491,1546,5076,849,5925,10.01
DE,2008,892606,2558,412,2970,350,668,1018,2908,1080,3988,4.47
FL,2008,18436905,39136,11096,50232,6524,18810,25334,45660,29906,75566,4.1
FS,2008,0,,,,,,,,,,
GA,2008,10934614,36555,6470,43025,7230,10754,17984,43785,17224,61009,5.58
GM,2008,0,0,0,,,,,,,,
HI,2008,1397856,3103,275,3090,315,627,942,3418,902,4032,2.88
IA,2008,3454799,5383,1165,6548,415,1978,2393,5798,3143,8941,2.59
ID,2008,1575635,2801,537,3338,199,1326,1525,3000,1863,4863,3.09
IL,2008,13005246,31757,7410,39167,5772,7959,13731,37529,15369,52898,4.07
IN,2008,6564511,11134,3014,14148,875,3599,4474,12009,6613,18622,2.84
KS,2008,3482614,8603,1627,10230,823,2632,3455,9426,4259,13685,3.93
KY,2008,6150346,11603,1334,12937,965,2101,3066,12568,3435,16003,2.6
LA,2008,4728530,15372,1703,17075,3729,3934,7663,19101,5637,24738,5.23
MA,2008,6734340,16172,1681,17853,1428,2165,3593,17600,3846,21446,3.18
MD,2008,5800551,13983,2149,16132,2139,3281,5420,16122,5430,21552,3.72
ME,2008,1356450,2159,316,2475,139,419,558,2298,735,3033,2.24
MI,2008,10863427,20063,3563,23626,2858,4602,7460,22921,8165,31086,2.86
MN,2008,5591751,8309,2165,10474,1118,2966,4084,9427,5131,14558,2.6
MO,2008,6034833,14413,2831,17244,1462,4251,5713,15875,7082,22957,3.8
MP,2008,0,,,,,,,,,,
MS,2008,3006310,5732,1495,7227,484,2320,2804,6216,3815,10031,3.34
MT,2008,1099578,1843,517,2360,114,663,777,1957,1180,3137,2.85
NB,2008,1947451,3336,351,3687,395,1029,1424,3731,1380,5111,2.62
NC,2008,10542296,23587,5494,29081,2906,6712,9618,26493,12206,38699,3.67
ND,2008,750663,1220,197,1417,126,286,412,1346,483,1829,2.44
NH,2008,1405175,2623,281,2904,224,641,865,2847,922,3769,2.68
NJ,2008,8727783,30707,3670,34377,2833,6004,8837,33540,9674,43214,4.95
NM,2008,2021853,4029,601,4630,416,1151,1567,4445,1752,6197,3.07
NV,2008,2606849,5212,866,6078,535,2248,2783,5747,3114,8861,3.4
NY,2008,21665173,57128,6197,63325,8906,14280,23186,66034,20477,86511,3.99
OH,2008,14289756,26729,4944,31672,3045,7335,10380,29774,12279,42052,2.94
OK,2008,3894849,7434,1670,9104,725,2402,3127,8159,4072,12231,3.14
OR,2008,4012947,6249,2027,8276,670,2822,3492,6919,4849,11768,2.93
OT,2008,0,,,,,,,,,,
PA,2008,13294374,24855,1938,26793,2849,3228,6077,27704,5166,32870,2.47
PR,2008,0,0,0,,,,,,,,
RI,2008,1056952,2410,299,2709,182,362,544,2592,661,3253,3.08
SC,2008,4525957,11400,1536,12928,1366,2806,4172,12766,4342,17100,3.78
SD,2008,947085,1504,347,1851,88,518,606,1592,865,2457,2.59
TN,2008,6243278,14988,4556,19544,1574,5898,7472,16562,10454,27016,4.33
TX,2008,24426780,51028,16487,67513,6046,23245,29291,57074,39732,96804,3.96
UT,2008,2874244,4494,1518,6012,353,1510,1863,4847,3028,7875,2.74
VA,2008,7824878,16986,1504,18490,2257,3960,6217,19243,5464,24707,3.16
VI,2008,0,,,,,,,,,,
VT,2008,669691,1042,135,1177,87,262,349,1129,397,1526,2.28
WA,2008,7422595,11046,1666,12712,1212,3321,4533,12258,4987,17245,2.32
WI,2008,5899106,11652,2119,13765,1866,3680,5546,13518,5799,19311,3.27
WV,2008,2340627,4012,602,4614,139,675,814,4151,1277,5428,2.32
WY,2008,539308,1321,154,1475,108,493,601,1429,647,2076,3.85
AK,2009,698901,1195,246,1441,109,474,583,1304,720,2024,2.9
AL,2009,5319809,11847,2608,14455,884,4183,5067,12731,6791,19522,3.67
AR,2009,3011786,6054,1512,7566,555,2374,2929,6609,3886,10495,3.48
AS,2009,0,,,,,,,,,,
AZ,2009,6630821,11815,4635,16450,1395,5522,6917,13210,10157,23367,3.52
CA,2009,37220025,72233,14882,87115,10840,27679,38519,83073,42561,125634,3.38
CO,2009,5226268,11217,2068,13285,1701,4002,5703,12918,6070,18988,3.63
CT,2009,3609641,7882,784,8666,796,1178,1974,8678,1962,10640,2.95
CZ,2009,0,,,,,,,,,,
DC,2009,599657,4069,359,4428,1070,471,1541,5139,830,5969,9.95
DE,2009,907237,2548,400,2948,362,646,1008,2910,1046,3956,4.36
FL,2009,18646709,39753,10295,50048,6468,18602,25070,46221,28897,75118,4.03
FS,2009,0,,,,,,,,,,
GA,2009,10492556,34661,6958,41619,6731,11107,17838,41392,18065,59457,5.67
GM,2009,0,0,0,,,,,,,,
HI,2009,1405431,3100,281,3093,311,635,946,3411,916,4039,2.87
IA,2009,3549105,5516,1153,6669,475,1936,2411,5991,3089,9080,2.56
ID,2009,1620426,2842,340,3182,205,1284,1489,3047,1624,4671,2.88
IL,2009,13914378,33100,7509,40609,5804,8334,14138,38904,15843,54747,3.93
IN,2009,6603470,11292,3101,14393,987,3492,4479,12279,6593,18872,2.86
KS,2009,3517857,8571,1629,10200,788,2514,3302,9359,4143,13502,3.84
KY,2009,5207550,9815,1032,10847,807,1611,2418,10622,2643,13265,2.55
LA,2009,4980362,15536,2524,18060,3231,4367,7598,18767,6891,25658,5.15
MA,2009,6770127,15491,1346,16837,1362,1924,3286,16853,3270,20123,2.97
MD,2009,5870987,14017,2024,16041,2140,3173,5313,16157,5197,21354,3.64
ME,2009,1385421,2188,255,2443,135,378,513,2323,633,2956,2.13
MI,2009,10628324,19117,3524,22641,2846,4407,7253,21963,7931,29894,2.81
MN,2009,5634672,8286,2112,10398,1121,2952,4073,9407,5064,14471,2.57
MO,2009,6304161,14884,2892,17776,1509,4402,5911,16393,7294,23687,3.76
MP,2009,0,,,,,,,,,,
MS,2009,3123781,6043,1622,7665,546,2348,2894,6589,3970,10559,3.38
MT,2009,1048053,1819,561,2380,107,690,797,1926,1251,3177,3.03
NB,2009,2128739,3714,376,4090,413,1165,1578,4127,1541,5668,2.66
NC,2009,10107308,23220,5487,28707,2719,6355,9074,25939,11842,37781,3.74
ND,2009,711674,1221,176,1397,140,302,442,1361,478,1839,2.58
NH,2009,1393437,2549,264,2813,209,623,832,2758,887,3645,2.62
NJ,2009,8770128,30088,3562,33650,2695,6099,8794,32783,9661,42444,4.84
NM,2009,2084727,4318,904,5222,452,1393,1845,4770,2297,7067,3.39
NV,2009,2649704,5445,1441,6886,575,2693,3268,6020,4134,10154,3.83
NY,2009,21561198,56644,7923,64567,8781,14277,23058,65425,22200,87625,4.06
OH,2009,13393551,24901,4623,29518,2836,6893,9729,27737,11516,39247,2.93
OK,2009,3873323,7564,1812,9376,714,2457,3171,8278,4269,12547,3.24
OR,2009,3929223,6354,1996,8350,646,2692,3338,7000,4688,11688,2.97
OT,2009,0,,,,,,,,,,
PA,2009,13559554,24994,1833,26827,2792,3203,5995,27786,5036,32822,2.42
PR,2009,0,13156,457,13613,3289,1045,4334,16445,1502,17947,
RI,2009,1059442,2377,290,2667,186,351,537,2563,641,3204,3.02
SC,2009,4642382,11401,1546,12947,1387,2845,4232,12788,4391,17179,3.7
SD,2009,868101,1481,376,1857,93,524,617,1574,900,2474,2.85
TN,2009,6312836,15303,4483,19786,1560,5938,7498,16863,10421,27284,4.32
TX,2009,25114488,52866,17343,70207,6566,22941,29507,59432,40284,99714,3.97
UT,2009,2896540,4561,1465,6026,368,1605,1973,4929,3070,7999,2.76
VA,2009,7899443,16944,1430,18374,2220,3890,6110,19164,5320,24484,3.1
VI,2009,0,0,0,,,,,,,,
VT,2009,667724,1224,136,1360,107,295,402,1331,431,1762,2.64
WA,2009,8037762,11556,1718,13274,1208,3134,4342,12764,4852,17616,2.19
WI,2009,5831611,11612,2411,14017,1833,3683,5516,13445,6094,19533,3.35
WV,2009,2393190,4212,435,4647,137,727,864,4349,1162,5511,2.3
WY,2009,551287,1366,146,1512,116,490,606,1482,636,2118,3.84
AK,2010,711456,1152,256,1408,106,474,580,1258,730,1988,2.79
AL,2010,5638613,11919,2521,14440,999,3964,4963,12918,6485,19403,3.44
AR,2010,3244947,6357,1673,8030,530,2512,3042,6887,4185,11072,3.41
AS,2010,0,,,,,,,,,,
AZ,2010,6643848,11835,4513,16348,1404,5404,6808,13239,9917,23156,3.49
CA,2010,37421024,71162,14840,86002,10638,26301,36939,81800,41141,122941,3.29
CO,2010,5508107,11732,2213,13945,1818,4213,6031,13550,6426,19976,3.63
CT,2010,3694281,7881,794,8675,816,1082,1898,8697,1876,10573,2.86
CZ,2010,0,,,,,,,,,,
DC,2010,601723,3629,277,3906,958,370,1328,4587,647,5234,8.7
DE,2010,915164,4254,674,4928,564,1114,1678,4818,1788,6606,7.22
FL,2010,18910325,39765,10527,50292,6637,18422,25059,46402,28949,75351,3.98
FS,2010,0,,,,,,,,,,
GA,2010,10591328,34077,5698,39775,6886,9769,16655,40963,15467,56430,5.33
GM,2010,0,0,0,,,,,,,,
HI,2010,1479842,3070,265,3047,298,617,915,3368,882,3962,2.68
IA,2010,3560199,5458,1167,6625,451,1925,2376,5909,3092,9001,2.53
ID,2010,1695574,3033,346,3379,227,1402,1629,3260,1748,5008,2.95
IL,2010,12953308,30286,6986,37272,5481,7481,12962,35767,14467,50234,3.88
IN,2010,6704215,11463,2945,14408,907,3415,4322,12370,6360,18730,2.79
KS,2010,3335269,7976,1538,9514,720,2541,3261,8696,4079,12775,3.83
KY,2010,4912792,9665,1018,10683,721,1640,2361,10386,2658,13044,2.66
LA,2010,4703076,14475,2190,16665,3200,3864,7064,17675,6054,23729,5.05
MA,2010,6800338,15432,1492,16924,1443,2156,3599,16875,3648,20523,3.02
MD,2010,5949764,13850,2053,15903,2145,3172,5317,15995,5225,21220,3.57
ME,2010,1373284,2162,246,2408,142,358,500,2304,604,2908,2.12
MI,2010,10792093,18787,3352,22139,2835,4152,6987,21622,7504,29126,2.7
MN,2010,5955984,8380,2014,10394,1133,2897,4030,9513,4911,14424,2.42
MO,2010,6226995,14711,2810,17521,1532,4256,5788,16243,7066,23309,3.74
MP,2010,0,,,,,,,,,,
MS,2010,3180636,6292,1757,8049,578,2601,3179,6870,4358,11228,3.53
MT,2010,1110195,2002,506,2508,113,717,830,2115,1223,3338,3.01
NB,2010,2009682,3454,364,3818,406,1082,1488,3860,1446,5306,2.64
NC,2010,10740272,25000,5707,30707,2940,6747,9687,27940,12454,40394,3.76
ND,2010,752573,1329,196,1525,148,344,492,1477,540,2017,2.68
NH,2010,1380396,2510,255,2765,212,606,818,2722,861,3583,2.6
NJ,2010,8941068,29073,3359,32432,2632,5708,8340,31705,9067,40772,4.56
NM,2010,2090695,4162,584,4746,457,1167,1624,4619,1751,6370,3.05
NV,2010,2926083,5626,1473,7099,614,2692,3306,6240,4165,10405,3.56
NY,2010,21545500,55561,7786,63347,8612,13950,22562,64173,21736,85909,3.99
OH,2010,14022130,25134,4244,29373,2719,6473,9192,27853,10717,38565,2.75
OK,2010,3981292,7695,1725,9420,594,2476,3070,8289,4201,12490,3.14
OR,2010,4009668,6531,1911,8442,675,2653,3328,7206,4564,11770,2.94
OT,2010,0,,,,,,,,,,
PA,2010,13447912,24919,1658,26577,2777,3130,5907,27696,4788,32484,2.42
PR,2010,0,0,0,,,,,,,,
RI,2010,1058992,2363,286,2649,184,344,528,2547,630,3177,3
SC,2010,4671586,11312,1612,12924,1401,2787,4188,12713,4399,17112,3.66
SD,2010,918599,1540,400,1940,106,544,650,1646,944,2590,2.82
TN,2010,6359488,15403,4584,19987,1599,5975,7574,17002,10559,27561,4.33
TX,2010,25457599,52769,16995,69762,6544,23093,29637,59313,40088,99399,3.9
UT,2010,2927799,4954,913,5867,400,1285,1685,5354,2198,7552,2.58
VA,2010,8044894,16984,1440,18424,2240,3737,5977,19224,5177,24401,3.03
VI,2010,0,300,35,335,169,100,269,469,135,604,
VT,2010,678889,1349,146,1495,118,305,423,1467,451,1918,2.83
WA,2010,8001250,11499,1727,13226,1206,3259,4465,12705,4986,17691,2.21
WI,2010,6168682,12557,2707,15258,1896,4085,5981,14453,6792,21239,3.44
WV,2010,2511368,4933,410,5343,139,740,879,5072,1150,6222,2.48
WY,2010,570473,1330,126,1456,109,443,552,1439,569,2008,3.52
AK,2011,726397,1218,239,1457,109,474,583,1327,713,2040,2.81
AL,2011,4950667,11241,2180,13421,834,3738,4572,12075,5918,17993,3.63
AR,2011,3133400,6208,1457,7665,541,2324,2865,6749,3781,10530,3.36
AS,2011,0,,,,,,,,,,
AZ,2011,6520940,11245,4340,15585,1330,5108,6438,12575,9448,22023,3.38
CA,2011,37928199,68630,13861,82491,10281,25719,36000,78911,39580,118491,3.12
CO,2011,5480305,11298,2292,13590,1660,4409,6069,12958,6701,19659,3.59
CT,2011,3672721,7595,821,8416,787,1081,1868,8382,1902,10284,2.8
CZ,2011,0,,,,,,,,,,
DC,2011,617996,3869,344,4213,1002,439,1441,4871,783,5654,9.15
DE,2011,923759,4142,664,4806,528,1039,1567,4670,1703,6373,6.9
FL,2011,19173658,39260,10026,49286,6635,17799,24434,45895,27825,73720,3.84
FS,2011,0,,,,,,,,,,
GA,2011,10121544,33609,6119,39728,6771,9979,16750,40380,16098,56478,5.58
GM,2011,0,0,0,,,,,,,,
HI,2011,1495625,3082,262,3056,299,615,914,3381,877,3970,2.65
IA,2011,3360752,5184,1053,6237,453,1774,2227,5637,2827,8464,2.52
ID,2011,1662947,2954,306,3260,202,1296,1498,3156,1602,4758,2.86
IL,2011,12995173,29868,6736,36604,5280,7202,12482,35148,13938,49086,3.78
IN,2011,6670393,11309,2920,14229,878,3288,4166,12187,6208,18395,2.76
KS,2011,3313209,7808,1607,9415,710,2474,3184,8518,4081,12599,3.8
KY,2011,4458245,8686,991,9677,658,1494,2152,9344,2485,11829,2.65
LA,2011,5064961,15655,1833,17488,3704,3865,7569,19359,5698,25057,4.95
MA,2011,6863985,15566,1478,17044,1415,2112,3527,16981,3590,20571,3
MD,2011,6006169,13762,2135,15897,2103,3101,5204,15865,5236,21101,3.51
ME,2011,1389431,2214,218,2432,138,360,498,2352,578,2930,2.11
MI,2011,10828896,18302,3398,21700,2684,3966,6650,20986,7364,28350,2.62
MN,2011,5631227,7984,1926,9910,1052,2783,3835,9036,4709,13745,2.44
MO,2011,6078408,14329,2795,17124,1472,4080,5552,15801,6875,22676,3.73
MP,2011,0,,,,,,,,,,
MS,2011,3389403,6559,1641,8200,634,2316,2950,7193,3957,11150,3.29
MT,2011,1069766,1929,484,2413,117,688,805,2046,1172,3218,3.01
NB,2011,1980598,3482,372,3853,400,1125,1525,3882,1497,5378,2.72
NC,2011,10283615,23720,5428,29148,2832,6191,9023,26552,11619,38171,3.71
ND,2011,766792,1332,176,1508,157,343,500,1489,519,2008,2.62
NH,2011,1431734,2583,249,2832,233,635,868,2816,884,3700,2.58
NJ,2011,8940213,27359,3379,30738,2517,5231,7748,29876,8610,38486,4.3
NM,2011,2123164,4250,611,4861,457,1153,1610,4707,1764,6471,3.05
NV,2011,3012563,5302,1343,6645,590,2540,3130,5892,3883,9775,3.24
NY,2011,21558169,55040,7626,62666,8450,13614,22064,63490,21240,84730,3.93
OH,2011,13874490,24938,4507,29444,2691,6212,8903,27629,10719,38347,2.76
OK,2011,4558985,8318,2175,10493,631,2837,3468,8949,5012,13961,3.06
OR,2011,4075981,11472,4017,15489,11680,5668,17348,23152,9685,32837,8.06
OT,2011,0,,,,,,,,,,
PA,2011,13371283,24926,2158,27084,2774,3656,6430,27700,5814,33514,2.51
PR,2011,0,13668,267,13935,3616,724,4340,17284,991,18275,
RI,2011,1057719,2315,264,2579,184,341,525,2499,605,3104,2.93
SC,2011,4730938,12511,1722,14233,1500,2912,4412,14011,4634,18645,3.94
SD,2011,862783,1469,560,2029,104,731,835,1573,1291,2864,3.32
TN,2011,6438708,15597,4628,20225,1562,5969,7531,17159,10597,27756,4.31
TX,2011,25986310,49925,15017,64940,6333,19745,26078,56258,34762,91018,3.5
UT,2011,3009698,5915,997,6912,407,1547,1954,6322,2544,8866,2.95
VA,2011,8182503,17217,1459,18676,2264,3827,6091,19481,5286,24767,3.03
VI,2011,0,283,35,318,164,157,321,447,192,639,
VT,2011,715401,1294,139,1433,128,283,411,1422,422,1844,2.58
WA,2011,9111785,12389,1774,14163,1356,3445,4801,13745,5219,18964,2.08
WI,2011,6082100,11991,3013,14998,1895,4317,6212,13886,7330,21210,3.49
WV,2011,2508635,4286,444,4730,145,789,934,4431,1233,5664,2.26
WY,2011,588027,1450,158,1608,136,538,674,1586,696,2282,3.88
AK,2012,735666,1224,237,1461,109,455,564,1333,692,2025,2.75
AL,2012,5190846,11171,2420,13591,856,3830,4686,12027,6250,18277,3.52
AR,2012,3353356,6573,1490,8063,565,2448,3013,7138,3938,11076,3.3
AS,2012,0,,,,,,,,,,
AZ,2012,6681678,11962,4623,16585,1429,5553,6982,13391,10176,23567,3.53
CA,2012,38206191,67785,14821,82606,10308,25720,36028,78093,40541,118634,3.11
CO,2012,5498748,11344,2112,13456,1680,3969,5649,13024,6081,19105,3.47
CT,2012,3702874,7715,748,8463,810,1058,1868,8525,1806,10331,2.79
CZ,2012,0,,,,,,,,,,
DC,2012,632323,3921,349,4270,1015,426,1441,4936,775,5711,9.03
DE,2012,935504,2082,319,2401,354,600,954,2436,919,3355,3.59
FL,2012,19434305,41169,10852,52021,6718,17777,24495,47887,28629,76516,3.94
FS,2012,0,,,,,,,,,,
GA,2012,10078833,32916,5516,38432,6640,9569,16209,39556,15085,54641,5.42
GM,2012,0,0,0,,,,,,,,
HI,2012,1514307,3073,268,3053,290,614,904,3363,882,3957,2.61
IA,2012,3542549,5373,1268,6641,398,1971,2369,5771,3239,9010,2.54
ID,2012,1670163,2947,336,3283,183,1300,1483,3130,1636,4766,2.85
IL,2012,13076273,29680,7257,36937,5136,7158,12294,34816,14415,49231,3.76
IN,2012,7073312,11465,2593,14058,917,3216,4133,12382,5809,18191,2.57
KS,2012,3359603,7885,1489,9374,768,2409,3177,8653,3898,12551,3.74
KY,2012,4560013,8880,990,9870,661,1571,2232,9541,2561,12102,2.65
LA,2012,4967668,14997,1866,16863,3570,3707,7277,18567,5573,24140,4.86
MA,2012,6891374,15741,1393,17134,1430,2021,3451,17171,3414,20585,2.99
MD,2012,6068859,15276,2250,17525,2231,3313,5544,17507,5563,23069,3.8
ME,2012,1379584,2165,225,2390,148,362,510,2313,587,2900,2.1
MI,2012,10853176,17888,3637,21525,2556,3987,6543,20444,7624,28068,2.59
MN,2012,5592783,7955,1979,9934,1057,2733,3790,9012,4712,13724,2.45
MO,2012,6128494,14079,2898,16977,1458,4001,5459,15537,6899,22436,3.66
MP,2012,0,,,,,,,,,,
MS,2012,3507803,6331,1689,8020,619,2240,2859,6950,3929,10879,3.1
MT,2012,1077415,1891,373,2264,122,608,730,2013,981,2994,2.78
NB,2012,1996039,3408,427,3835,388,1041,1429,3796,1468,5264,2.64
NC,2012,9976074,22809,5555,28364,2768,6029,8797,25577,11584,37161,3.73
ND,2012,735360,1349,174,1523,152,350,502,1501,524,2025,2.75
NH,2012,1408545,2536,231,2767,225,616,841,2761,847,3608,2.56
NJ,2012,9052721,27636,3501,31137,2713,5765,8478,30349,9266,39615,4.38
NM,2012,2319190,4564,662,5226,504,1247,1751,5068,1909,6977,3.01
NV,2012,2765739,5172,1347,6519,541,2429,2970,5713,3776,9489,3.43
NY,2012,21928653,56041,7436,63476,8471,13451,21922,64512,20887,85398,3.89
OH,2012,14537927,24728,4489,29215,2569,6341,8910,27297,10830,38125,2.62
OK,2012,4392062,8320,2283,10603,639,2755,3394,8959,5038,13997,3.19
OR,2012,4051669,6457,1880,8337,644,2499,3143,7101,4379,11480,2.83
OT,2012,0,,,,,,,,,,
PA,2012,13537083,24230,1923,26153,2667,3160,5827,26897,5083,31980,2.36
PR,2012,0,13044,241,13285,3412,631,4043,16456,872,17328,
RI,2012,1075009,2320,263,2583,177,343,520,2497,606,3103,2.89
SC,2012,4780421,11513,2426,13939,1395,3326,4721,12908,5752,18660,3.9
SD,2012,873357,1529,508,2037,109,683,792,1638,1191,2829,3.24
TN,2012,6489696,15814,4795,20609,1613,5985,7598,17427,10780,28207,4.35
TX,2012,26463051,48820,15285,64103,6210,18941,25151,55030,34226,89254,3.37
UT,2012,3122613,4715,894,5609,366,1237,1603,5081,2131,7212,2.31
VA,2012,8207785,17137,1458,18595,2263,3803,6066,19400,5261,24661,3
VI,2012,0,271,33,304,176,139,315,447,172,619,
VT,2012,667621,1273,211,1484,148,365,513,1421,576,1997,2.99
WA,2012,8090669,10649,1771,12420,1070,2881,3951,11719,4652,16371,2.02
WI,2012,6021759,11436,2565,13995,1741,3670,5411,13177,6235,19406,3.22
WV,2012,2101925,3766,372,4138,143,645,788,3909,1017,4926,2.34
WY,2012,585760,1379,163,1542,115,461,576,1494,624,2118,3.62
AK,2013,739005,1248,191,1439,113,443,556,1361,634,1995,2.7
AL,2013,5363659,11686,2326,14012,846,3908,4754,12532,6234,18766,3.5
AR,2013,3171490,6473,1511,7984,535,2421,2956,7008,3932,10940,3.45
AS,2013,0,,,,,,,,,,
AZ,2013,6777259,11150,4502,15652,1306,5077,6383,12456,9579,22035,3.25
CA,2013,38498377,67770,14940,82710,10159,25815,35974,77929,40755,118684,3.08
CO,2013,5460630,11312,1894,13206,1811,3781,5592,13123,5675,18798,3.44
CT,2013,3687931,7741,779,8520,803,1056,1859,8544,1835,10379,2.81
CZ,2013,0,,,,,,,,,,
DC,2013,646449,4112,268,4380,1088,332,1420,5200,600,5800,8.97
DE,2013,949243,2311,327,2638,420,697,1117,2731,1024,3755,3.96
FL,2013,19672665,41437,10285,51722,6669,17924,24593,48106,28209,76315,3.88
FS,2013,0,,,,,,,,,,
GA,2013,10552837,32508,5734,38242,6470,9748,16218,38978,15482,54460,5.16
GM,2013,0,0,0,,,,,,,,
HI,2013,2580908,4914,464,5090,491,939,1430,5405,1403,6520,2.53
IA,2013,3505211,5326,1162,6488,428,1866,2294,5754,3028,8782,2.51
ID,2013,1685521,2870,320,3190,185,1346,1531,3055,1666,4721,2.8
IL,2013,13054780,29966,4019,33985,4294,6201,10495,34260,10220,44480,3.41
IN,2013,7078258,11364,2654,14018,868,3120,3988,12232,5774,18006,2.54
KS,2013,3419303,7955,1467,9422,752,2314,3066,8707,3781,12488,3.65
KY,2013,4436400,8712,894,9606,654,1451,2105,9366,2345,11711,2.64
LA,2013,4784006,14027,1543,15570,3305,3107,6412,17332,4650,21982,4.59
MA,2013,6900982,15533,1451,16984,1421,2030,3451,16954,3481,20435,2.96
MD,2013,7454043,19060,2887,21947,2760,3929,6689,21820,6816,28636,3.84
ME,2013,1376659,2150,226,2376,149,356,505,2299,582,2881,2.09
MI,2013,11394005,18417,3805,22222,2673,3968,6641,21090,7773,28863,2.53
MN,2013,5661207,7861,2004,9865,1052,2625,3677,8913,4629,13542,2.39
MO,2013,6121792,14444,2813,17257,1456,4108,5564,15900,6921,22821,3.73
MP,2013,0,,,,,,,,,,
MS,2013,3628346,6841,1774,8615,630,2501,3131,7471,4275,11746,3.24
MT,2013,1158467,1848,369,2217,130,689,819,1978,1058,3036,2.62
NB,2013,2068191,3493,449,3942,395,1157,1552,3888,1606,5494,2.66
NC,2013,10447399,23403,5581,28984,2826,6006,8832,26229,11587,37816,3.62
ND,2013,772646,1384,169,1553,169,353,522,1553,522,2075,2.69
NH,2013,1442669,2563,249,2812,225,622,847,2788,871,3659,2.54
NJ,2013,9093430,26871,3562,30433,2560,5396,7956,29431,8958,38389,4.22
NM,2013,2292472,3997,691,4688,336,1315,1651,4333,2006,6339,2.77
NV,2013,2801547,5284,1324,6608,555,2249,2804,5839,3573,9412,3.36
NY,2013,21978933,55731,7515,63246,8456,13445,21901,64187,20960,85147,3.87
OH,2013,14174704,24824,4332,29154,2515,6140,8655,27339,10472,37809,2.67
OK,2013,4169959,7645,2096,9741,653,2481,3134,8298,4577,12875,3.09
OR,2013,4760620,7178,2211,9389,715,2988,3703,7893,5199,13092,2.75
OT,2013,0,,,,,,,,,,
PA,2013,13665355,24043,1861,25904,2641,3209,5850,26684,5070,31754,2.32
PR,2013,0,11553,186,11739,3076,519,3595,14629,705,15334,
RI,2013,1058087,2258,277,2535,185,349,534,2443,626,3069,2.9
SC,2013,4955909,13537,1667,15204,1655,2875,4530,15192,4542,19734,3.98
SD,2013,905027,1489,495,1984,101,635,736,1590,1130,2720,3.01
TN,2013,6647278,16163,4953,21116,1675,6071,7746,17838,11024,28862,4.34
TX,2013,26964954,52907,17949,70854,6416,24872,31288,59323,42821,102142,3.79
UT,2013,3141027,4359,768,5127,349,1148,1497,4708,1916,6624,2.11
VA,2013,8269450,17240,1388,18628,2265,3795,6060,19505,5183,24688,2.99
VI,2013,0,258,30,288,142,132,274,400,162,562,
VT,2013,754905,1505,192,1697,161,363,524,1666,555,2221,2.94
WA,2013,7723160,10242,1670,11912,1047,2845,3892,11289,4515,15804,2.05
WI,2013,5948936,11147,2251,13392,1716,3365,5081,12863,5616,18473,3.11
WV,2013,2132339,3843,380,4223,141,655,796,3984,1035,5019,2.35
WY,2013,591721,1468,197,1665,192,514,706,1660,711,2371,4.01
AK,2014,740644,1209,236,1445,116,459,575,1325,695,2020,2.73
AL,2014,5486497,12052,2251,14303,960,3944,4904,13012,6195,19207,3.5
AR,2014,3119997,6276,1610,7886,549,2284,2833,6825,3894,10719,3.44
AS,2014,0,,,,,,,,,,
AZ,2014,6767669,11441,4821,16262,1338,5441,6779,12779,10262,23041,3.4
CA,2014,38970399,68250,15363,83613,10193,26292,36485,78443,41655,120098,3.08
CO,2014,5630858,11156,2493,13649,2026,3602,5628,13182,6095,19277,3.42
CT,2014,3772833,7966,759,8725,838,1076,1914,8804,1835,10639,2.82
CZ,2014,0,,,,,,,,,,
DC,2014,658893,4085,291,4376,1071,338,1409,5156,629,5785,8.78
DE,2014,958690,2671,670,3341,306,818,1124,2977,1488,4465,4.66
FL,2014,20007473,39512,10909,50421,6409,18322,24731,45921,29231,75152,3.76
FS,2014,0,,,,,,,,,,
GA,2014,10503162,32240,5935,38175,6483,9598,16081,38723,15533,54256,5.17
GM,2014,0,0,0,,,,,,,,
HI,2014,2608100,5178,373,5263,477,1039,1516,5655,1412,6779,2.6
IA,2014,3670976,5400,1211,6611,412,1997,2409,5812,3208,9020,2.46
ID,2014,1692343,2874,353,3227,197,1282,1479,3071,1635,4706,2.78
IL,2014,13023192,29622,6597,36219,4958,6919,11877,34580,13516,48096,3.69
IN,2014,6835443,11111,2513,13624,861,2960,3821,11972,5473,17445,2.55
KS,2014,3766467,8887,1965,10852,983,2973,3956,9870,4938,14808,3.93
KY,2014,4517111,9104,1109,10213,707,1659,2366,9811,2768,12579,2.78
LA,2014,4975083,14581,2146,16727,3717,3526,7243,18298,5672,23970,4.82
MA,2014,7098473,16115,1484,17599,1466,2149,3615,17581,3633,21214,2.99
MD,2014,6995931,15697,2146,17843,2447,3174,5621,18144,5320,23464,3.35
ME,2014,1376141,2179,212,2391,153,329,482,2332,541,2873,2.09
MI,2014,10699502,17713,3498,21211,2482,3815,6297,20195,7313,27508,2.57
MN,2014,5688135,8404,2206,10610,1082,2805,3887,9486,5011,14497,2.55
MO,2014,6165592,14542,2933,17475,1481,4151,5632,16023,7084,23107,3.75
MP,2014,0,,,,,,,,,,
MS,2014,3367239,6068,1651,7719,553,2213,2766,6621,3864,10485,3.11
MT,2014,1128742,1897,456,2353,127,701,828,2024,1157,3181,2.82
NB,2014,2182247,3809,540,4349,457,1158,1615,4266,1698,5964,2.73
NC,2014,10646776,23945,5656,29601,2950,6139,9089,26895,11795,38690,3.63
ND,2014,838040,1555,228,1783,174,378,552,1729,606,2335,2.79
NH,2014,1391709,2530,272,2802,234,601,835,2764,873,3637,2.61
NJ,2014,9134732,27989,3676,31665,2744,5687,8431,30733,9363,40096,4.39
NM,2014,2109977,4064,723,4787,433,1165,1598,4497,1888,6385,3.03
NV,2014,2845845,5028,1298,6326,518,2182,2700,5546,3480,9026,3.17
NY,2014,21799396,54625,7522,62147,8302,13384,21686,62927,20906,83833,3.85
OH,2014,13864130,23953,4438,28389,2536,6148,8684,26489,10586,37073,2.67
OK,2014,4023386,7671,2036,9707,609,2463,3072,8280,4499,12779,3.18
OR,2014,4270314,8352,2570,10922,846,3703,4549,9198,6273,15471,3.62
OT,2014,0,,,,,,,,,,
PA,2014,13560937,24293,1983,26276,2654,3210,5864,26947,5193,32140,2.37
PR,2014,0,11408,228,11636,3125,543,3668,14533,771,15304,
RI,2014,1061770,2312,265,2577,194,368,562,2506,633,3139,2.96
SC,2014,5144856,12141,1554,13695,1516,2681,4197,13657,4235,17892,3.48
SD,2014,892996,1589,548,2137,112,699,811,1701,1247,2948,3.3
TN,2014,6565813,16166,4771,20937,1618,6092,7710,17784,10863,28647,4.36
TX,2014,27240637,50971,15349,66318,6308,21104,27412,57279,36453,93730,3.44
UT,2014,3225621,4815,971,5786,350,1230,1580,5165,2201,7366,2.28
VA,2014,8353672,17512,1469,18981,2403,3816,6219,19915,5285,25200,3.02
VI,2014,0,250,26,276,157,86,243,407,112,519,
VT,2014,764827,1497,138,1635,137,281,418,1634,419,2053,2.68
WA,2014,7796184,10383,1672,12055,1053,2831,3884,11436,4503,15939,2.04
WI,2014,5974186,11415,2249,13658,1741,3297,5038,13156,5546,18696,3.13
WV,2014,2550526,3857,516,4373,151,690,841,4008,1206,5214,2.04
WY,2014,595013,1437,249,1686,149,568,717,1586,817,2403,4.04
AK,2015,743350,1200,235,1435,116,456,572,1316,691,2007,2.7
AL,2015,5295404,11616,2298,13914,905,3908,4813,12521,6206,18727,3.54
AR,2015,3131415,6310,1593,7903,544,2452,2996,6854,4045,10899,3.48
AS,2015,0,,,,,,,,,,
AZ,2015,6885540,11826,4774,16600,1420,5411,6831,13246,10185,23431,3.4
CA,2015,39469712,68706,15295,84001,10167,26162,36329,78873,41457,120330,3.05
CO,2015,5831521,11814,2410,14224,1701,4206,5907,13515,6616,20131,3.45
CT,2015,3703110,7199,738,7937,782,1051,1833,7981,1789,9770,2.64
CZ,2015,0,,,,,,,,,,
DC,2015,672228,3938,442,4380,947,418,1365,4885,860,5745,8.55
DE,2015,962461,2550,524,3074,297,801,1098,2847,1325,4172,4.33
FL,2015,20388277,42193,9820,52013,6937,17711,24648,49130,27531,76661,3.76
FS,2015,0,,,,,,,,,,
GA,2015,10812277,32796,5843,38639,6586,9761,16347,39382,15604,54986,5.09
GM,2015,0,0,0,,,,,,,,
HI,2015,1556738,3066,300,3078,294,630,924,3360,930,4002,2.57
IA,2015,3755941,5548,1279,6827,451,2088,2539,5999,3367,9366,2.49
ID,2015,1732511,2951,370,3321,225,1365,1590,3176,1735,4911,2.83
IL,2015,13117464,30941,6945,37886,4945,7392,12337,35886,14337,50223,3.83
IN,2015,7120157,11624,2647,14271,910,2947,3857,12534,5594,18128,2.55
KS,2015,3493349,8097,1819,9916,812,2606,3418,8909,4425,13334,3.82
KY,2015,4558115,10447,1223,11670,870,1764,2634,11317,2987,14304,3.14
LA,2015,4841777,14244,2393,16637,3456,3984,7440,17700,6377,24077,4.97
MA,2015,7085175,16298,1573,17871,1505,2248,3753,17803,3821,21624,3.05
MD,2015,7594836,17947,2513,20460,2690,3810,6500,20637,6323,26960,3.55
ME,2015,1376223,2224,215,2439,153,353,506,2377,568,2945,2.14
MI,2015,10557596,17501,3404,20905,2508,3680,6188,20009,7084,27093,2.57
MN,2015,5723173,8727,2242,10969,1148,2772,3920,9875,5014,14889,2.6
MO,2015,6196833,14742,2908,17650,1544,4111,5655,16286,7019,23305,3.76
MP,2015,0,,,,,,,,,,
MS,2015,3390043,6323,1539,7862,604,2280,2884,6927,3819,10746,3.17
MT,2015,1157689,1975,667,2642,135,785,920,2110,1452,3562,3.08
NB,2015,2116117,3782,514,4296,442,1159,1601,4224,1673,5897,2.79
NC,2015,11015159,24826,5804,30630,3060,6573,9633,27886,12377,40263,3.66
ND,2015,795284,1600,261,1861,199,397,596,1799,658,2457,3.09
NH,2015,1374133,2531,271,2802,239,600,839,2770,871,3641,2.65
NJ,2015,9310977,33986,4778,38764,3229,6819,10048,37215,11597,48812,5.24
NM,2015,2151227,4368,752,5120,486,1251,1737,4854,2003,6857,3.19
NV,2015,2897487,5707,758,6465,705,2089,2794,6412,2847,9259,3.2
NY,2015,21811666,55464,7515,62979,8678,13323,22001,64142,20838,84980,3.9
OH,2015,14137838,26169,4432,30599,2845,6375,9220,29014,10807,39819,2.82
OK,2015,4319343,8372,2067,10439,647,2644,3291,9019,4711,13730,3.18
OR,2015,8727050,12437,3271,15708,1449,4400,5849,13886,7671,21557,2.47
OT,2015,0,,,,,,,,,,
PA,2015,13631853,24357,2072,26429,2648,3261,5909,27005,5333,32338,2.37
PR,2015,0,11140,231,11371,3088,538,3626,14228,769,14997,
RI,2015,1062954,2267,264,2531,183,364,547,2450,628,3078,2.9
SC,2015,5151240,12133,2014,14147,1514,3059,4573,13647,5073,18720,3.63
SD,2015,923323,1736,573,2309,121,736,857,1857,1309,3166,3.43
TN,2015,6663647,16468,5299,21767,1598,5764,7362,18066,11063,29129,4.37
TX,2015,27801749,50571,14993,65562,6614,19861,26475,57185,34854,92037,3.31
UT,2015,3252811,4737,995,5732,335,1323,1658,5072,2318,7390,2.27
VA,2015,8396653,17325,1621,18946,2286,3788,6074,19611,5409,25020,2.98
VI,2015,0,360,44,404,213,143,356,573,187,760,
VT,2015,652392,1178,125,1295,123,213,336,1301,338,1631,2.5
WA,2015,7865318,10331,1711,12042,1054,2838,3892,11385,4549,15934,2.03
WI,2015,5923676,11254,2438,13686,1760,3298,5058,13014,5736,18744,3.16
WV,2015,2329806,4387,319,4706,273,732,1005,4660,1051,5711,2.45
WY,2015,598304,1407,275,1682,142,519,661,1549,794,2343,3.92
AK,2016,747188,1156,256,1412,113,472,585,1269,728,1997,2.67
AL,2016,5145855,11445,2244,13689,881,3772,4653,12326,6016,18342,3.56
AR,2016,3064998,6283,1602,7885,589,2335,2924,6872,3937,10809,3.53
AS,2016,0,,,,,,,,,,
AZ,2016,7090429,11735,4842,16577,1375,5675,7050,13110,10517,23627,3.33
CA,2016,39454294,68699,15601,84300,10306,26174,36480,79005,41775,120780,3.06
CO,2016,5915026,11785,2483,14268,1762,4331,6093,13547,6814,20361,3.44
CT,2016,3837385,7442,652,8094,830,920,1750,8272,1572,9844,2.57
CZ,2016,0,,,,,,,,,,
DC,2016,681170,3875,368,4243,920,424,1344,4795,792,5587,8.2
DE,2016,972572,2706,604,3310,325,1052,1377,3031,1656,4687,4.82
FL,2016,20750677,42062,11806,53868,7426,19612,27038,49488,31418,80906,3.9
FS,2016,0,,,,,,,,,,
GA,2016,10662998,32482,5813,38295,6670,9555,16225,39152,15368,54520,5.11
GM,2016,0,0,0,,,,,,,,
HI,2016,1428557,2690,245,2935,305,539,844,2995,784,3779,2.65
IA,2016,3622675,5426,1301,6727,455,2021,2476,5881,3322,9203,2.54
ID,2016,1743721,2990,330,3320,224,1388,1612,3214,1718,4932,2.83
IL,2016,12985528,29537,6561,36098,4899,6907,11806,34436,13468,47904,3.69
IN,2016,7690500,12100,2766,14866,942,3055,3997,13042,5821,18863,2.45
KS,2016,3460077,8139,1439,9578,828,2390,3218,8967,3829,12796,3.7
KY,2016,4516590,8659,1012,9671,648,1519,2167,9307,2531,11838,2.62
LA,2016,4907781,13997,2239,16236,3300,4351,7651,17297,6590,23887,4.87
MA,2016,6852336,16074,1541,17615,1519,2182,3701,17593,3723,21316,3.11
MD,2016,6217491,15547,2395,17942,2254,3428,5682,17801,5823,23624,3.8
ME,2016,1407114,2260,228,2488,159,359,518,2419,587,3006,2.14
MI,2016,10451718,17667,3684,21351,2462,4155,6617,20129,7839,27968,2.68
MN,2016,5996299,9164,2459,11623,1158,2936,4094,10322,5395,15717,2.62
MO,2016,6269010,14878,2838,17716,1566,4193,5759,16444,7031,23475,3.74
MP,2016,0,,,,,,,,,,
MS,2016,3261191,6058,1499,7557,578,2200,2778,6636,3699,10335,3.17
MT,2016,1121813,1947,685,2632,129,749,878,2076,1434,3510,3.13
NB,2016,2115817,3608,596,4204,424,1052,1476,4032,1648,5680,2.68
NC,2016,10798726,24258,5795,30053,2975,6714,9689,27233,12509,39742,3.68
ND,2016,798045,1646,270,1916,194,433,627,1840,703,2543,3.19
NH,2016,1376085,2534,281,2815,240,611,851,2774,892,3666,2.66
NJ,2016,9005202,30890,4166,35056,2992,6463,9455,33882,10629,44511,4.94
NM,2016,2228811,4612,885,5497,504,1350,1854,5116,2235,7351,3.3
NV,2016,2946513,6239,687,6926,785,2154,2939,7024,2841,9865,3.35
NY,2016,21809118,56289,7637,63926,9053,13497,22550,65342,21134,86476,3.97
OH,2016,12838704,22320,4199,26517,2393,5483,7876,24713,9682,34393,2.68
OK,2016,4182166,8493,1931,10424,765,2643,3408,9258,4574,13832,3.31
OR,2016,4515765,7433,2046,9479,746,2738,3484,8179,4784,12963,2.87
OT,2016,0,,,,,,,,,,
PA,2016,13622531,24030,2000,26030,2630,3986,6616,26660,5986,32646,2.4
PR,2016,0,11408,228,11636,3125,543,3668,14533,771,15304,
RI,2016,1063042,2298,264,2562,184,369,553,2482,633,3115,2.93
SC,2016,5004023,11739,2052,13791,1514,3097,4611,13253,5149,18402,3.68
SD,2016,938772,1675,684,2359,116,637,753,1791,1321,3112,3.31
TN,2016,6675824,16161,4766,20927,1697,5638,7335,17858,10404,28262,4.23
TX,2016,28685684,51071,15495,66564,6760,20143,26903,57831,35638,93467,3.26
UT,2016,3482957,5032,1090,6122,384,1469,1853,5416,2559,7975,2.29
VA,2016,8436263,17639,1624,19263,2443,3917,6360,20082,5541,25623,3.04
VI,2016,0,472,60,532,334,196,530,806,256,1062,
VT,2016,925235,1805,162,1967,138,354,492,1943,516,2459,2.66
WA,2016,7830630,10354,1846,12200,1081,2954,4035,11435,4800,16235,2.07
WI,2016,5898519,11179,2174,13347,1889,3172,5061,13068,5346,18408,3.12
WV,2016,2070862,4032,400,4432,156,632,788,4188,1032,5220,2.52
WY,2016,595148,1390,318,1708,145,559,704,1535,877,2412,4.05
AK,2017,744849,1135,249,1384,112,437,549,1247,686,1933,2.6
AL,2017,5135776,5200,1261,6461,365,1827,2192,5565,3088,8653,1.68
AR,2017,3021597,5408,1513,6921,567,2042,2609,5975,3555,9530,3.15
AS,2017,0,,,,,,,,,,
AZ,2017,7037119,11480,4509,15989,1382,5379,6761,12862,9888,22750,3.23
CA,2017,39713887,68403,15470,83873,10337,25474,35811,78740,40944,119684,3.01
CO,2017,5661529,10729,2198,12927,1644,3847,5491,12373,6045,18418,3.25
CT,2017,3645220,6567,582,7149,758,860,1618,7325,1442,8767,2.41
CZ,2017,0,,,,,,,,,,
DC,2017,693972,3325,299,3624,903,398,1301,4228,697,4925,7.1
DE,2017,978771,2009,323,2332,273,371,644,2282,694,2976,3.04
FL,2017,21152963,38844,10433,49277,7132,17938,25070,45976,28371,74347,3.51
FS,2017,0,,,,,,,,,,
GA,2017,10885394,20520,2759,23279,4174,5353,9527,24694,8112,32806,3.01
GM,2017,0,265,19,284,24,47,71,289,66,355,
HI,2017,1427538,2644,235,2879,307,543,850,2951,778,3729,2.61
IA,2017,3179051,4801,1148,5949,434,1741,2175,5235,2889,8124,2.56
ID,2017,1779810,2647,341,2988,204,1314,1518,2851,1655,4506,2.53
IL,2017,12911525,20955,5370,26325,4322,4756,9078,25277,10126,35403,2.74
IN,2017,6678341,6708,483,7191,581,988,1569,7289,1471,8760,1.31
KS,2017,3006891,6165,912,7077,708,1827,2535,6873,2739,9612,3.2
KY,2017,4494059,7146,885,8031,505,1267,1772,7651,2152,9803,2.18
LA,2017,4819273,11963,1488,13451,3406,3189,6595,15369,4677,20046,4.16
MA,2017,6872032,15038,1534,16572,1466,2073,3539,16504,3607,20111,2.93
MD,2017,6249375,14437,2022,16459,2527,3181,5708,16964,5203,22167,3.55
ME,2017,1390713,2138,221,2359,185,361,546,2323,582,2905,2.09
MI,2017,10400915,14920,3196,18116,2186,3584,5770,17106,6780,23886,2.3
MN,2017,5894269,8565,2345,10910,1129,2815,3944,9694,5160,14854,2.52
MO,2017,6199257,13172,2360,15532,1503,3540,5043,14675,5900,20575,3.32
MP,2017,0,,,,,,,,,,
MS,2017,2985402,1958,463,2421,225,672,897,2183,1135,3318,1.11
MT,2017,1108663,1787,491,2278,130,626,756,1917,1117,3034,2.74
NB,2017,1987973,2954,513,3467,391,994,1385,3345,1507,4852,2.44
NC,2017,11965888,24756,5801,30557,3309,6904,10213,28065,12705,40770,3.41
ND,2017,781178,1541,230,1771,207,439,646,1748,669,2417,3.09
NH,2017,1373143,2517,262,2779,247,597,844,2764,859,3623,2.64
NJ,2017,9066144,28308,3580,31888,3033,5548,8581,31341,9128,40469,4.46
NM,2017,2093574,2646,472,3118,287,803,1090,2933,1275,4208,2.01
NV,2017,3004362,6020,819,6839,798,2233,3031,6818,3052,9870,3.29
NY,2017,21794544,53305,7680,60985,9128,13530,22658,62433,21210,83643,3.84
OH,2017,11763545,12068,1670,13738,1380,2819,4199,13448,4489,17937,1.52
OK,2017,3955379,8109,1685,9794,724,2435,3159,8833,4120,12953,3.27
OR,2017,4249078,6056,1672,7728,711,2291,3002,6767,3963,10730,2.53
OT,2017,0,,,,,,,,,,
PA,2017,13598612,23223,1958,25181,2619,2960,5579,25842,4918,30760,2.26
PR,2017,3337177,,,,,,,,,,
RI,2017,1066209,2315,260,2575,196,386,582,2511,646,3157,2.96
SC,2017,5067266,7856,1469,9325,1272,2106,3378,9128,3575,12703,2.51
SD,2017,909430,1628,523,2151,150,668,818,1778,1191,2969,3.26
TN,2017,6734436,15082,4711,19793,1654,5320,6974,16736,10031,26767,3.97
TX,2017,28467008,38225,11395,49620,5555,15985,21540,43780,27380,71160,2.5
UT,2017,3317709,4633,936,5569,355,1274,1629,4988,2210,7198,2.17
VA,2017,8478323,16632,1323,17955,2404,3666,6070,19036,4989,24025,2.83
VI,2017,0,,,,,,,,,,
VT,2017,636517,1076,103,1179,112,196,308,1188,299,1487,2.34
WA,2017,7452537,9665,1789,11454,1054,2878,3932,10719,4667,15386,2.06
WI,2017,5908949,11163,2344,13507,1722,3197,4919,12885,5541,18426,3.12
WV,2017,1828820,3529,419,3948,140,611,751,3669,1030,4699,2.57
WY,2017,588905,318,99,417,63,135,198,381,234,615,1.04
